question2_en,question2_ko
What is the step by step guide to invest in share market?,주식 시장에 투자하는 단계별 가이드는 무엇입니까?
What would happen if the Indian government stole the Kohinoor (Koh-i-Noor) diamond back?,인도 정부가 코이누르(Koh-i-Noor) 다이아몬드를 다시 훔친다면 어떻게 될까요?
How can Internet speed be increased by hacking through DNS?,DNS를 통한 해킹으로 인터넷 속도를 어떻게 높일 수 있나요?
"Find the remainder when [math]23^{24}[/math] is divided by 24,23?","[math]23^{24}[/math]를 24,23으로 나눈 나머지를 구하시겠어요?"
Which fish would survive in salt water?,바닷물에서는 어떤 물고기가 살아남을까요?
"I'm a triple Capricorn (Sun, Moon and ascendant in Capricorn) What does this say about me?","저는 삼중 염소자리(태양, 달, 염소자리 승천자)입니다. 이것이 나에 대해 무엇을 말해주는 걸까요?"
What keeps childern active and far from phone and video games?,무엇이 아이들을 활동적으로 유지하고 전화나 비디오 게임을 멀리하게 합니까?
What should I do to be a great geologist?,훌륭한 지질학자가 되려면 어떻게 해야 합니까?
"When do you use ""&"" instead of ""and""?","언제 ""and"" 대신 ""&""를 사용합니까?"
How do I hack Motorola DCX3400 for free internet?,무료 인터넷을 위해 Motorola DCX3400을 해킹하는 방법은 무엇입니까?
What are some of the things technicians can tell about the durability and reliability of Laptops and its components?,기술자는 노트북과 해당 구성 요소의 내구성과 신뢰성에 대해 무엇을 알 수 있습니까?
How can I see all my Youtube comments?,내 유튜브 댓글을 모두 보려면 어떻게 해야 하나요?
How can you make physics easy to learn?,어떻게 물리학을 쉽게 배울 수 있나요?
What was your first sexual experience?,첫 번째 성적 경험은 무엇이었나요?
What are the laws to change your status from a student visa to a green card in the US? How do they compare to the immigration laws in Japan?,미국에서 학생 비자에서 영주권으로 신분을 변경하는 데 필요한 법률은 무엇입니까? 일본의 이민법과 어떻게 비교됩니까?
How will a Trump presidency affect the students presently in US or planning to study in US?,트럼프 대통령직은 현재 미국에 있거나 미국에서 공부할 계획을 갖고 있는 학생들에게 어떤 영향을 미칠까요?
What does manipulation means?,조작은 무슨 뜻인가요?
How do guys feel after rejecting a girl?,남자들은 여자를 거절하고 나면 어떤 기분이 들까?
Why do people ask Quora questions which can be answered easily by Google?,사람들은 왜 Google에서 쉽게 답변할 수 있는 Quora 질문을 합니까?
Which is the best digital marketing institute in Pune?,푸네 최고의 디지털 마케팅 기관은 어디인가요?
Why are rockets and boosters painted white?,로켓과 부스터는 왜 흰색으로 칠해져 있나요?
What can I do to avoid being jealous of someone?,누군가를 질투하지 않으려면 어떻게 해야 합니까?
Which question should I ask on Quora?,Quora에 어떤 질문을 해야 하나요?
Where can I find a conversion chart for CC to horsepower?,CC를 마력으로 변환하는 차트는 어디서 찾을 수 있나요?
How many times a day do a clock’s hands overlap?,시계 바늘은 하루에 몇 번이나 겹치나요?
What are some tips on making it through the job interview process at Foundation Medicine?,Foundation Medicine의 취업 면접 과정을 통과하는 데 도움이 되는 몇 가지 팁은 무엇입니까?
What is the web application framework?,웹 애플리케이션 프레임워크란 무엇입니까?
How do sports contribute to the society?,스포츠는 사회에 어떻게 기여하는가?
What is best way to ask for money online?,온라인으로 돈을 요청하는 가장 좋은 방법은 무엇입니까?
How one should know that he/she completely prepare for CA final exam?,CA 최종 시험을 완벽하게 준비했는지 어떻게 알 수 있나요?
What's one thing you do despite knowing better?,더 잘 알고 있음에도 불구하고 당신이 하는 한 가지 일은 무엇입니까?
How can I keep my nose from getting stuffy at night?,밤에 코가 막히지 않게 하려면 어떻게 해야 하나요?
What Game of Thrones villain would you most like to be at the mercy of?,왕좌의 게임에서 가장 마음에 드는 악당은 누구입니까?
How is the average speed of gas molecules determined?,가스 분자의 평균 속도는 어떻게 결정됩니까?
What is the best travel website?,최고의 여행 웹사이트는 무엇인가요?
Has there been a gun control initiative to take away guns people already own?,사람들이 이미 소유하고 있는 총기를 제거하기 위한 총기 규제 계획이 있었습니까?
I am a 19 year old guy. How can I become a billionaire in the next 10 years?,저는 19세 남자입니다. 앞으로 10년 안에 어떻게 억만장자가 될 수 있을까?
My girlfriend said that we should end this because she is confused about her feelings for me. I wished her well and disconnected. Should I call her and ask her if she wants to get back together?,내 여자친구는 나에 대한 자신의 감정이 혼란스럽기 때문에 이 일을 끝내야 한다고 말했습니다. 나는 그녀의 안녕을 빌고 연결을 끊었습니다. 그녀에게 전화해서 다시 만나고 싶은지 물어봐야 할까요?
How do I prepare for civil service?,공무원 준비는 어떻게 해야 하나요?
"Why did aircraft stop using variable-sweep wings, like those on an F-14?",항공기가 F-14와 같은 가변 스위프 날개 사용을 중단한 이유는 무엇입니까?
Will squats make my legs thicker?,스쿼트를 하면 다리가 굵어질까?
When can I expect Cognizant confirmation mail?,Cognizant 확인 메일은 언제 받을 수 있나요?
"Can I make 30,000 a month by day trading?","데이 트레이딩으로 한 달에 30,000을 벌 수 있나요?"
Is being bored good for a kid?,지루해하는 것이 아이에게 좋을까요?
What universities does B&G Foods recruit new grads from? What majors are they looking for?,B&G Foods는 어떤 대학에서 새로운 졸업생을 모집합니까? 그들은 어떤 전공을 찾고 있나요?
How can we increase our number of Instagram followers?,인스타그램 팔로워 수를 어떻게 늘릴 수 있나요?
Does Quora have a character limit for profile descriptions?,Quora에는 프로필 설명에 글자수 제한이 있나요?
"Who is affected more by a breakup, the boy or the girl?",이별으로 인해 남자와 여자 중 누가 더 큰 영향을 받나요?
What are some of the products made from crude oil?,원유로 만든 제품에는 어떤 것들이 있나요?
How to make friends ?,친구를 사귀는 방법?
How is career launcher online program for RBI Grade B?,타점 B등급을 위한 커리어 런처 온라인 프로그램은 어떤가요?
How can you play a Blu Ray DVD on a regular DVD player?,일반 DVD 플레이어에서 Blu Ray DVD를 어떻게 재생할 수 있습니까?
Aerodynamically what happens when propellor rotates?,프로펠러가 회전하면 공기역학적으로 어떤 일이 발생합니까?
What is the most delicious dish you've ever eaten and why?,지금까지 먹어본 음식 중 가장 맛있는 음식은 무엇이며 그 이유는 무엇입니까?
Why can't I do my homework?,나는 왜 숙제를 할 수 없나요?
Do you apply for programs like RSI when you're a rising senior?,당신이 고등학생이 되었을 때 RSI와 같은 프로그램에 지원합니까?
Is my boyfriend lying about his true feelings for his friend and is he secretly attracted to her?,"내 남자친구는 친구에 대한 자신의 진심을 거짓말하고 있고, 몰래 그녀에게 매력을 느끼고 있는 걸까요?"
What are some of the best rap songs?,최고의 랩 노래는 무엇입니까?
I can't remember my Gmail password or my recovery email. How can I recover my e-mail?,내 Gmail 비밀번호나 복구 이메일이 기억나지 않습니다. 내 이메일을 어떻게 복구할 수 있나요?
How do I learn french genders?,프랑스어 성별은 어떻게 배우나요?
Is Kickass Torrents trustworthy?,Kickass Torrents는 신뢰할 수 있나요?
What causes a dark ring around the iris? How should it be treated?,홍채 주위에 어두운 고리가 나타나는 이유는 무엇입니까? 어떻게 치료해야합니까?
How bad is the new book by J.K Rowling?,J.K Rowling의 새 책은 얼마나 나빴나요?
Why do I always get depressed in the evening?,왜 저녁만 되면 항상 우울해지는 걸까요?
Where do I find a U.S. family office database?,미국 패밀리 오피스 데이터베이스는 어디서 찾을 수 있나요?
How do I learn a computer language like java?,자바 같은 컴퓨터 언어는 어떻게 배우나요?
What is the most important book you have ever read?,지금까지 읽은 책 중 가장 중요한 책은 무엇입니까?
Is it possible to store the energy of lightning?,번개 에너지를 저장할 수 있나요?
What is performance testing?,성능 테스트란 무엇입니까?
Are there any people who genuinely enjoy salad with no dressing?,드레싱 없이 샐러드를 진심으로 즐기는 사람이 있을까?
What are the different types of immunity in our body?,우리 몸의 면역에는 어떤 종류가 있나요?
What is narcissistic personality disorder?,자기애성 인격장애란 무엇인가요?
How can I learn to speak English fluently?,영어를 유창하게 말하는 법을 어떻게 배울 수 있나요?
What is the quickbooks customer support phone number USA?,미국 Quickbooks 고객 지원 전화번호는 무엇입니까?
Who is the richest gambler of all time and how can I reach his level as a gambler?,"역사상 가장 부유한 도박꾼은 누구이며, 도박꾼으로서 그의 수준에 어떻게 도달할 수 있습니까?"
"Do bullets travel faster than the speed of sound when shot from a gun? If not, is it possible? If they do, what gun and how much devastation occurs?",총에서 발사된 총알은 음속보다 빠르게 이동합니까? 그렇지 않다면 가능합니까? 그렇다면 어떤 총이 있고 얼마나 많은 피해가 발생합니까?
Is breast cancer preventable?,유방암은 예방이 가능한가요?
How can I know who logged in to my Gmail account? (by telling his IP address or device name)?,누가 내 Gmail 계정에 로그인했는지 어떻게 알 수 있나요? (그의 IP 주소나 장치 이름을 알려줌으로써)?
"What are some different ways to make money online, excluding selling things?",물건 판매를 제외하고 온라인으로 돈을 버는 방법에는 어떤 것이 있습니까?
What's the purpose of life? What is life actually about?,인생의 목적은 무엇입니까? 인생은 실제로 무엇에 관한 것입니까?
"Why India does not apply the ""Burma-Rohingya model"" to deport illegal Bangladeshis?","인도는 왜 불법 방글라데시인을 추방하기 위해 ""버마-로힝야 모델""을 적용하지 않습니까?"
How important is it to be the first person to wish someone a happy birthday?,누군가의 생일을 축하하는 첫 번째 사람이 되는 것이 얼마나 중요합니까?
"I want to make a travel commercial/clip video HD , For India and New Zealand. How much will it cost?",인도와 뉴질랜드를 위한 여행 광고/클립 비디오 HD를 만들고 싶습니다. 비용은 얼마나 들까요?
Why do technical employees despise sales people so much?,기술직 직원은 왜 영업사원을 그토록 경멸합니까?
What are some high paying jobs for a fresher with an M.Tech in biotechnology?,생명공학 M.Tech를 취득한 신입사원을 위한 고임금 직업은 무엇입니까?
Can height increase after 25?,25세 이후에도 키가 커질 수 있나요?
"What were the major effects of the cambodia earthquake, and how do these effects compare to the Valparaiso earthquake in 1822?","캄보디아 지진의 주요 영향은 무엇이며, 이러한 영향은 1822년 발파라이소 지진과 어떻게 비교됩니까?"
What's the difference between honest and sincere?,이들솔직하다그리고 진실하다의 차이점은 무엇인가요?
Which is the best gaming laptop under Rs 60000?,60만원 미만 최고의 게이밍 노트북은 무엇일까요?
What is your review of The Next Warrior: Proving Grounds - Part 5?,The Next Warrior: Proving Grounds - Part 5에 대한 리뷰는 무엇인가요?
"Which book should I choose for reference for physics and chemistry (class 11, CBSE board)?","물리학과 화학에 대한 참고자료로 어떤 책을 선택해야 합니까(11학년, CBSE 보드)?"
"National Institute of Technology Karnataka (NITK) , Surathkal: To the graduating batch: What lessons would you want to give to your juniors before you leave?","NITK(National Institute of Technology Karnataka), Surathkal: 졸업하는 학생들에게: 떠나기 전에 후배들에게 어떤 교훈을 주고 싶습니까?"
What is the best romantic movie you have ever seen?,당신이 본 최고의 로맨스 영화는 무엇입니까?
What causes nightmares that seem real?,현실처럼 보이는 악몽의 원인은 무엇입니까?
What are some of the major influences of abstract expressionism?,추상 표현주의의 주요 영향은 무엇입니까?
How do 3D printing work?,3D 프린팅은 어떻게 작동하나요?
Who are some notable folks who attended Caltech?,Caltech에 다녔던 주목할만한 사람들은 누구입니까?
What is a Horcrux?,호크룩스란 무엇입니까?
What are the general requirement to become a Product Manager or a Program Manager in a product based software company?,제품 기반 소프트웨어 회사에서 제품 관리자 또는 프로그램 관리자가 되기 위한 일반적인 요구 사항은 무엇입니까?
How could I get Skype to work on an android 4.1.1 phone?,Android 4.1.1 휴대폰에서 Skype를 작동시키려면 어떻게 해야 합니까?
Will there be a nuclear war between India and Pakistan?,인도와 파키스탄 사이에 핵전쟁이 일어날 것인가?
How did Ronald Reagan react to 9/11?,로널드 레이건은 9/11에 어떻게 반응했는가?
How could the Confederates have possibly defeated Union forces at Gettysburg during the American Civil War?,미국 남북전쟁 당시 남부연합군은 어떻게 게티즈버그에서 연합군을 격파할 수 있었습니까?
Which are some of the best fiction novels?,최고의 소설 소설에는 어떤 것이 있나요?
What should I do if I forgot my email password?,이메일 비밀번호를 잊어버린 경우 어떻게 해야 합니까?
How demonetisation could affect the GDP of India in both short run and long run?,화폐폐쇄가 단기적으로나 장기적으로 인도의 GDP에 어떤 영향을 미칠 수 있습니까?
Can WhatsApp be hacked?,WhatsApp이 해킹될 수 있나요?
What is the difference between love and pity?,사랑과 연민의 차이점은 무엇입니까?
How competitive is the hiring process at S & T Bank?,S&T은행 채용 경쟁률은 얼마나 되나요?
"What is the distribution of traffic between Google organic search results? e.g. #1 vs. #2 in rankings, first page vs. second page","Google 자연 검색결과 간의 트래픽 분포는 어떻게 되나요? 예를 들어 순위 1위 vs 2위, 첫 번째 페이지 vs. 두 번째 페이지"
Where can I watch sarrainodu with subtitles?,사라노두를 자막으로 볼 수 있는 곳은 어디인가요?
Why is the USA the most powerful country of the world?,미국이 세계 최강국인 이유는 무엇일까요?
What is better for a low back pain: heat or ice?,허리통증에는 온찜질과 냉찜질 중 무엇이 더 좋을까요?
How do you think of Chinese food?,중국 음식에 대해 어떻게 생각하시나요?
Is it worse to take advantage of someone or be materialistic?,"누군가를 이용하는 것이 더 나쁜가요, 아니면 물질주의적인 것이 더 나쁜가요?"
Why do we cry?,우리는 왜 울어요?
Why do teen girls (and women in general) allow their boyfriends to take naked pictures of them in this day and (digital) age?,오늘날과 (디지털) 시대에 십대 소녀들(및 일반 여성)은 왜 남자 친구가 자신의 나체 사진을 찍는 것을 허용합니까?
"How do Winston and Julia differ in the novel ""1984""? How are they similar?","소설 ""1984""에서 윈스턴과 줄리아는 어떻게 다른가요? 그들은 어떻게 유사합니까?"
What are some mind-blowing technologies that exist that most people don't know about?,대부분의 사람들이 모르는 놀라운 기술은 무엇입니까?
What is the cheapest toothpaste?,가장 저렴한 치약은 무엇입니까?
How can I ask a question without getting marked as ‘need to improve’?,'개선 필요'로 표시되지 않고 질문을 하려면 어떻게 해야 하나요?
"If every state of the USA declared war against each other, which would win?",미국의 모든 주가 서로 전쟁을 선포하면 어느 주가 승리할까요?
What mineral can hold the greatest electrical charge?,가장 큰 전하를 보유할 수 있는 광물은 무엇입니까?
What is the greatest mystery of all time?,역사상 가장 큰 미스터리는 무엇입니까?
How do I over-sample a multi-class imbalance data set?,다중 클래스 불균형 데이터 세트를 어떻게 과잉 샘플링합니까?
Why does China support Masood Azhar?,중국은 왜 마수드 아자르를 지지하는가?
What is the meaning of the future?,미래의 의미는 무엇입니까?
How can Vitamin C cause a miscarriage?,비타민C는 어떻게 유산을 유발할 수 있나요?
When will we get the Call Letter after we get the Letter of Intent in Asahi India Glass recruitment?,Asahi India Glass 채용 의향서를 받은 후 Call Letter는 언제 받게 됩니까?
How do I access Google.com from India?,인도에서 Google.com에 어떻게 액세스하나요?
What is a Yantra & Mantra?,얀트라와 만트라란 무엇인가요?
Which course is better in NICMAR?,NICMAR에서는 어떤 코스가 더 좋나요?
How do you register a .an domain?,.an 도메인을 어떻게 등록하나요?
Why am I attracted to older men?,나는 왜 나이 많은 남자에게 끌리는 걸까?
What is the strongest Kevlar cord?,가장 강한 케블라 코드는 무엇입니까?
Who are the Rohingya people?,로힝야족은 누구인가?
Does it matter whether humanity is evil or not?,인류가 악한지 아닌지가 중요합니까?
What are examples of passive transport in cells?,세포 내 수동 수송의 예는 무엇입니까?
"If I shave my head for 2 years as am getting bald and then grew my hair, will the hair will be same as when I intially have? Or I loose more hair?",대머리가 되어 2년 동안 머리를 밀고 머리를 기르면 처음과 같은 머리결이 될까요? 아니면 머리카락이 더 빠지나요?
What's life after retirement?,은퇴 후 생활은 어떤가요?
What is the stance of Pakistan in the possession of weapons of mass destruction by North korea? Does it support DPRK or is it against DPRK?,"북한의 대량살상무기 보유에 대해 파키스탄은 어떤 입장을 갖고 있는가? 북한을 지지하는가, 아니면 반대하는가?"
How do I find a good escort?,좋은 에스코트를 어떻게 찾을 수 있나요?
What is the best diet for a growing decathlete?,성장하는 10종 경기 선수를 위한 최고의 식단은 무엇입니까?
Does a black hole have a finite mass?,블랙홀의 질량은 유한합니까?
What are your views about this Morgan Freeman quote about Racism?,인종차별에 관한 모건 프리먼의 인용문에 대해 어떻게 생각하시나요?
Does Uber currently offer new employees stock options or RSUs?,Uber는 현재 신입 직원에게 스톡옵션이나 RSU를 제공하나요?
Is there a good pay for reviews site out there?,리뷰 사이트에 대한 좋은 급여가 있습니까?
In how many ways 12 apples can be distributed among 4 children such that every child gets at least 2 apples?,4명의 어린이에게 사과 12개를 나누어 모든 어린이가 사과 2개 이상을 받을 수 있는 방법은 몇 가지입니까?
How much on average would it cost to video tape a 2 hour presentation?,2시간짜리 프레젠테이션을 비디오 테이프에 담는 데 평균 비용이 얼마나 드나요?
Can I take rabies injection after 1 day of dog bite?,개에게 물린 지 1일 후 광견병 주사를 맞아도 되나요?
What is the standard amount of time off given for an international relocation?,해외 이주에 주어지는 표준 휴가 기간은 얼마입니까?
How do you stop being afraid of everything?,모든 것에 대한 두려움을 어떻게 멈추나요?
Why does Red keep the keys in season 4 of Orange is the New Black?,Red가 Orange is the New Black 시즌 4에서 열쇠를 유지하는 이유는 무엇입니까?
"At what age, how, and where did you lose your virginity?","몇 살에, 어떻게, 어디서 처녀성을 잃었나요?"
How can I forget my wife?,아내를 어떻게 잊을 수 있습니까?
How could snoke be darth plagueis if he was killed by the emperor?,스노크가 황제에게 죽임을 당했다면 어떻게 다스 페스트가 될 수 있었나요?
How do you upload movies on YouTube and monetize them? Is there any issue of copyright,YouTube에 영화를 어떻게 업로드하고 수익을 창출하나요? 저작권 문제는 없나요
What tripod should I get for my Canon 6D?,Canon 6D에는 어떤 삼각대를 구입해야 합니까?
How does Quora look to a moderator?,Quora는 중재자에게 어떻게 보입니까?
Why is no one answering my questions in Quora?,Quora에서 내 질문에 아무도 답변하지 않는 이유는 무엇입니까?
What is the funniest joke of all time?,역사상 가장 웃긴 농담은 무엇입니까?
"If I am leaving Norway, can I pay down my mortgage with my BSU account, and then sell my apartment without having to pay back the tax deduction I got for having BSU?",노르웨이를 떠나는 경우 BSU 계좌로 모기지를 갚은 다음 BSU 취득으로 받은 세금 공제를 갚지 않고 아파트를 팔 수 있나요?
What do Americans think about the United Kingdom?,미국인들은 영국에 대해 어떻게 생각하나요?
How can I use Twitter for business?,트위터를 업무용으로 어떻게 사용할 수 있나요?
How can I send money from my PayPal account to my Skrill account to withdraw?,PayPal 계정에서 Skrill 계정으로 돈을 보내 인출하려면 어떻게 해야 합니까?
Which is the Best earphones under Rs 1000?,1000원 이하 이어폰 어떤게 좋을까요?
Can a Government employee apply IEC?,공무원도 IEC를 신청할 수 있나요?
"Which is correct: ""speak with"" or ""speak to""?",'말하다'와 '말하다' 중 어느 것이 맞나요?
What is the best field of engineering?,공학의 가장 좋은 분야는 무엇입니까?
"Why are emotionally abusive people in my life? Several ex boyfriends, friends, and past coworkers/bosses have been abusers. Do I attract them?","왜 내 삶에 감정적으로 학대하는 사람들이 있는 걸까요? 여러 명의 전 남자친구, 친구, 과거 동료/상사가 학대자였습니다. 나는 그들을 끌어들이는가?"
"There seems to be a difference between my weekly paycheck and the yearly salary my employer agreed upon, how does that work?","내 주급과 고용주가 합의한 연봉 사이에 차이가 있는 것 같은데, 어떻게 되나요?"
Why are there so many Christians in Kerala?,케랄라에는 왜 그렇게 많은 기독교인이 있습니까?
How can I speak with more clarity and confidence?,어떻게 하면 좀 더 명확하고 자신감 있게 말할 수 있나요?
"What parallelism can we draw between gods of Hindu mythology, Greek mythology, Egyptian mythology, etc.?","힌두 신화, 그리스 신화, 이집트 신화 등의 신들 사이에 어떤 유사점을 그릴 수 있습니까?"
Should I switch from Spotify to Apple Music?,Spotify에서 Apple Music으로 전환해야 합니까?
What is the best fixed income fund?,최고의 고정 수입 펀드는 무엇입니까?
"What is it like to live in Köln, Germany? ",독일 쾰른에서의 생활은 어떤가요? 
"Who do you regard as the best actor, Robert De Niro or Al Pacino?",당신이 생각하는 최고의 배우는 로버트 드니로와 알 파치노 중 누구입니까?
Why do some people prefer to live with small family?,왜 어떤 사람들은 소규모 가족과 함께 사는 것을 선호합니까?
Do animals (besides humans) kiss?,(사람 외에) 동물도 키스를 하나요?
How can I view deleted Instagram dms?,삭제된 Instagram DM을 어떻게 볼 수 있나요?
How do I stop being addicted to someone?,누군가에게 중독되는 것을 어떻게 멈출 수 있나요?
Would I be able to hire two private investigators and then get them to follow each other?,사설탐정 두 명을 고용해서 서로 추적하게 할 수 있을까요?
How do startup accelerators give you the funding?,스타트업 액셀러레이터는 어떻게 자금을 지원하나요?
I cannot open Quora through my WiFi router. Why can I only access it through a mobile network?,WiFi 라우터를 통해 Quora를 열 수 없습니다. 왜 모바일 네트워크를 통해서만 접속할 수 있나요?
"What was the significance of the battle of Somme, and how did this battle compare and contrast to the Battle of Riyadh?","솜 전투의 의미는 무엇이며, 이 전투가 리야드 전투와 어떻게 비교되고 대조됩니까?"
Has any college admission officer cried in public while reading an applicant's essay?,지원자의 에세이를 읽으면서 공개적으로 눈물을 흘린 대학 입학사정관이 있나요?
What happens if eye medicine enters the eye?,안약이 눈에 들어가면 어떻게 되나요?
How do I refuse to chose between different things to do in my life?,내 인생에서 해야 할 여러 가지 일 중에서 선택을 거부하려면 어떻게 해야 합니까?
"No fanboys please, but who was the true batman, Christian Bale or Ben Affleck?",팬보이들은 아니길 바랍니다. 하지만 진정한 배트맨은 크리스찬 베일이나 벤 애플렉 중 누구였나요?
Which business is better to start in Hyderabad?,하이데라바드에서 어떤 사업을 시작하는 것이 더 낫습니까?
How do I stop being over possessive for a person whom I love?,내가 사랑하는 사람에 대한 지나친 소유욕을 어떻게 멈추나요?
Who is the father of lord Krishna?,크리슈나 경의 아버지는 누구입니까?
What courses must be taken along with CA course?,CA 과정과 함께 어떤 과정을 수강해야 하나요?
How do I take a screenshot on my MacBook Pro? What are some instructions?,MacBook Pro에서 어떻게 스크린샷을 찍나요? 어떤 지침이 있나요?
What is it like to work with an executive recruiter?,임원 채용 담당자와 함께 일하는 것은 어떤가요?
Why do people collect things?,사람들은 왜 물건을 수집하는 걸까요?
Are there any must watch TV shows?,꼭 시청해야 하는 TV 프로그램이 있나요?
How can I become fluent in chinese?,어떻게 하면 중국어를 유창하게 할 수 있나요?
What will be the impact of scrapping of ?500 and ?1000 rupee notes on the real estate market?,500루피 및 1000루피 지폐 폐기가 부동산 시장에 어떤 영향을 미칠까요?
What is the best way to become a billionaire?,억만장자가 되는 가장 좋은 방법은 무엇입니까?
"Almost two weeks in on Prozac, why do I still feel antisocial and still don't want to go to events? Why does my social behavior and mood change daily?",Prozac을 사용한 지 거의 2주가 지났는데도 왜 여전히 반사회적이라고 느끼고 행사에 참석하고 싶지 않습니까? 나의 사회적 행동과 기분은 왜 매일 바뀌나요?
What is the best way to start robotics? Which is the best development board that I can start working on it?,로봇 공학을 시작하는 가장 좋은 방법은 무엇입니까? 작업을 시작할 수 있는 최고의 개발 보드는 무엇입니까?
What are the reasons that people dislike Hillary Clinton?,사람들이 힐러리 클린턴을 싫어하는 이유는 무엇입니까?
"Why is it always expected that a woman should take care of housework, children and cooking (especially in Indian culture)? Are these activities the responsibility of women alone? Why do men not share equally in such work?","왜 항상 여성이 가사, 자녀, 요리를 돌봐야 한다고 기대합니까(특히 인도 문화에서는)? 이러한 활동은 여성만의 책임인가요? 왜 남자들은 그러한 일에 동등하게 참여하지 않습니까?"
"Is atheism the lack of belief in gods, or a claim that god does not exist?","무신론은 신에 대한 믿음이 부족한 것인가, 아니면 신이 존재하지 않는다는 주장인가?"
What is Jack Dorsey like?,잭 도시(Jack Dorsey)는 어떤가요?
Which assassin has the best robes in Assassin's Creed?,Assassin's Creed에서 최고의 로브를 입은 암살자는 누구인가요?
"If CMYK printers create black by using colored ink and only complementing with black ink, why do shops charge more for color prints?",CMYK 프린터가 컬러 잉크를 사용하여 검정색을 만들고 검정색 잉크만 보완한다면 왜 상점에서는 컬러 인쇄에 더 많은 비용을 청구합니까?
Why creativity is important?,창의성이 왜 중요한가요?
If Hillary Clinton can no longer serve as the Democratic nominee how would her successor be chosen?,힐러리 클린턴이 더 이상 민주당 후보로 활동할 수 없다면 그녀의 후임자는 어떻게 선택됩니까?
Why don't phones have a built-in FM antenna?,전화기에 FM 안테나가 내장되어 있지 않은 이유는 무엇입니까?
Himalayan or Duke KTM 200 for touring?,여행용 히말라얀 또는 듀크 KTM 200?
What are the benefits of listing a company in NSE?,NSE에 회사를 상장하면 어떤 이점이 있나요?
When does drawing become fun?,그림 그리기는 언제 재미있어지나요?
Is the neutron star made up of only neutrons?,중성자별은 중성자로만 구성되어 있나요?
Is a 3.8 GPA sufficient to get into a top school?,3.8 GPA가 일류 학교에 입학하기에 충분합니까?
What is binary options trading?,바이너리 옵션 거래란 무엇입니까?
Can a person graduating from IIMs like LIK and even the new IIMs like Ranchi and Trichy ever catch up to the graduates from ABC and get a similar package?,LIK와 같은 IIM을 졸업하고 Ranchi 및 Trichy와 같은 새로운 IIM을 졸업한 사람이 ABC 졸업생을 따라잡아 비슷한 패키지를 받을 수 있을까요?
How can I get started to learn information security?,정보 보안을 배우기 시작하려면 어떻게 해야 하나요?
Can I earn money on Quora?,Quora에서 돈을 벌 수 있나요?
What's the PUK for TF64SIMC4?,TF64SIMC4의 PUK는 무엇입니까?
How can I find an IT job in Japan?,일본에서 IT 일자리를 어떻게 찾을 수 있나요?
What is the best home wireless network setup and expected speeds?,최고의 홈 무선 네트워크 설정과 예상 속도는 얼마입니까?
When will the lottery reach the next billion dollar jackpot?,복권은 언제 다음 10억 달러 잭팟에 도달하게 될까요?
Do I need a four-wheel-drive car to drive all the way on the Road to Hana?,하나로 가는 길을 쭉 운전하려면 사륜구동 차가 필요한가요?
How do I create a new Terminal and new shell in Linux using C programming?,C 프로그래밍을 사용하여 Linux에서 새 터미널과 새 셸을 어떻게 생성합니까?
Does cognitive strain affect digestion?,인지적 긴장이 소화에 영향을 미치나요?
I have made a railway reservation but got it on the Tatkal waiting list. Will I get a refund if I cancel it?,철도를 예약했는데 Tatkal 대기자 명단에 등록되어 있습니다. 취소하면 환불되나요?
What can I do to make the world a better place?,세상을 더 나은 곳으로 만들기 위해 나는 무엇을 할 수 있나요?
Who is the best LoL (League of Legends) champion?,LoL(리그 오브 레전드) 최고의 챔피언은 누구일까요?
How many liters of water should I drink if I run 5kms daily?,매일 5km를 달리면 몇 리터의 물을 마셔야 할까요?
"Where does the water from the Great Lakes come from, and how does these lakes wildlife compare to Lake Como?","오대호의 물은 어디에서 오며, 이 호수의 야생 동물은 코모 호수와 어떻게 비교됩니까?"
How can I book Ronda Rousey to star in an adult movie?,Ronda Rousey가 성인 영화에 출연하도록 어떻게 예약할 수 있나요?
Do Trump supporters now expect the president to live up to his promises he so forcefully sold them on?,이제 트럼프 지지자들은 대통령이 그토록 강압적으로 약속한 것을 이행할 것이라고 기대합니까?
Why do we care for others' opinion and about what others think about us?,왜 우리는 다른 사람의 의견과 다른 사람이 우리에 대해 어떻게 생각하는지에 관심을 가집니까?
How do I potty train my two-month-old Labrador pup?,2개월 된 래브라도 강아지에게 배변 훈련을 어떻게 합니까?
What's the best way to jump rope?,줄넘기를 하는 가장 좋은 방법은 무엇입니까?
Which test series is the best for GATE computer science stream?,GATE 컴퓨터 과학 스트림에 가장 적합한 테스트 시리즈는 무엇입니까?
What math does a complete newbie need to understand algorithms for computer programming? What books on algorithms are suitable for a complete beginner?,완전한 초보자가 컴퓨터 프로그래밍 알고리즘을 이해하려면 어떤 수학이 필요합니까? 완전 초보자에게 적합한 알고리즘 관련 책은 무엇입니까?
What is the temperament of a Corgi-Husky mix?,코기-허스키 믹스의 기질은 무엇입니까?
"How many 4 digit numbers can be formed by using 0, 1, 2, 3, 4, 5, 6, and 7? How many of them are between 4000 and 6000?","0, 1, 2, 3, 4, 5, 6, 7을 사용하여 만들 수 있는 4자리 숫자는 몇 개입니까? 4000에서 6000 사이에는 몇 개가 있습니까?"
"In ""A Raisin in the Sun"", why do Walter and Beneatha argue?","""A Raisin in the Sun""에서 Walter와 Beneatha는 왜 논쟁을 벌이나요?"
What are signs of ultra smart people hiding their intelligence?,지능을 숨기고 있는 매우 똑똑한 사람들의 징후는 무엇입니까?
"If energy is not conserved in an expanding universe, is potential energy infinite (the energy that can be created is infinite)?","팽창하는 우주에서 에너지가 보존되지 않는다면, 위치 에너지는 무한합니까(생성될 수 있는 에너지는 무한합니까)?"
What are the good ways to write and publish a book?,책을 쓰고 출판하는 좋은 방법은 무엇입니까?
Who will disrupt Bloomberg?,누가 블룸버그를 방해할 것인가?
The Flash (DC character): How fast can the Flash run a mile?,플래시(DC 캐릭터): 플래시는 1마일을 얼마나 빨리 달릴 수 있나요?
How can I best invest ?5000 over the next 6 months?,향후 6개월 동안 5000파운드를 가장 잘 투자할 수 있는 방법은 무엇입니까?
What exactly is GST bill and how exactly will it affect the common people?,GST 법안은 정확히 무엇이며 일반 국민에게 정확히 어떤 영향을 미칠까요?
"I do not remember my password to my Gmail account, how can I recover my account?",Gmail 계정의 비밀번호가 기억나지 않습니다. 계정을 복구하려면 어떻게 해야 합니까?
How can I accurately diagnose and medicate my mental illness?,정신질환을 정확하게 진단하고 치료하려면 어떻게 해야 합니까?
Is it normal for a 14 year old girl to be spitting up blood?,14세 소녀가 피를 토하는 것이 정상인가요?
What are some good qualities of a leader?,리더의 좋은 자질에는 어떤 것이 있나요?
What exactly is the difference between a sea and a bay?,바다와 만의 차이점은 정확히 무엇입니까?
Can Narendra Modi become Prime Minister of India in 2019?,나렌드라 모디(Narendra Modi)가 2019년 인도 총리가 될 수 있을까요?
How do I get reliance digital store franchise?,의존 디지털 매장 프랜차이즈를 얻으려면 어떻게 해야 합니까?
What are some of the best YouTube channels for learning Git?,Git 학습을 위한 최고의 YouTube 채널은 무엇인가요?
Why don't most of the Hindus eat non-veg?,왜 대부분의 힌두교인들은 비채식을 먹지 않습니까?
Can we cancel a 'Tatkal waiting list' ticket?,'타트칼 대기자 명단' 티켓을 취소할 수 있나요?
What are the pros and cons of the Common Core Standards Initiative?,Common Core Standards Initiative의 장점과 단점은 무엇입니까?
Where do I publish my paper?,내 논문을 어디에 출판하나요?
What is your creative New Year's resolution for 2017?,2017년 창의적인 새해 결심은 무엇인가요?
How do you not get bad dreams?,어떻게 나쁜 꿈을 꾸지 않을 수 있나요?
Do squats work for men?,스쿼트가 남자에게도 효과가 있나요?
What minimum marks should I score to get among top 50 in AIIMS?,AIIMS에서 상위 50위 안에 들려면 최소 몇 점을 받아야 합니까?
Doctors: How do surgeons hold out on surgeries more than 6 hours long? Do they rest during the operation?,의사들: 외과의사는 어떻게 6시간이 넘는 수술을 버티나요? 수술 중에 쉬나요?
How much time does it take to learn Android app development from scratch?,Android 앱 개발을 처음부터 배우는 데 시간이 얼마나 걸리나요?
"How can I make my whole body more fair, if I am a wheatish Indian guy?",내가 밀집된 인도 남자라면 어떻게 내 몸 전체를 더 공정하게 만들 수 있습니까?
"If I am in prison, what rights would I have?",내가 감옥에 갇히면 어떤 권리를 갖게 되나요?
How can I get free gems Clash of Clans?,무료 보석을 어떻게 얻을 수 있나요? 클래시 오브 클랜?
What does Word Lens use for OCR?,Word Lens는 OCR에 무엇을 사용하나요?
"Should I be worried that my girlfriend texts her ex-boyfriend till 4 a.m., and if so, why?",여자친구가 전 남자친구에게 새벽 4시까지 문자를 보내는 것을 걱정해야 할까요? 그렇다면 그 이유는 무엇인가요?
How do i get traffic for website?,웹사이트에 대한 트래픽을 어떻게 얻나요?
How does it feel to see upvotes to your answer on Quora?,Quora에서 귀하의 답변에 대한 찬성표를 보는 기분이 어떻습니까?
What are the best female strong characters in films?,영화에서 가장 강한 여성 캐릭터는 무엇입니까?
"As a thirteen year old, what is the best thing I can do for my health?","열세 살, 건강을 위해 내가 할 수 있는 최선의 일은 무엇인가?"
How do people die?,사람은 어떻게 죽나요?
How are cotton clothes made?,면옷은 어떻게 만들어지나요?
What does bone marrow taste like?,골수 맛은 어떤가요?
"In Ancient Rome, slaves were branded. What happened with the brand mark if they were subsequently liberated?",고대 로마에서는 노예에게 낙인이 찍혔습니다. 이후 해방된 브랜드 마크는 어떻게 됐나요?
"When a dead body is in a river, how long does it take before it floats?",시체가 강에 있으면 물에 떠오를 때까지 얼마나 걸리나요?
How do I get over someone I loved now that we broke up last year and I still miss her?,작년에 헤어졌는데 지금 사랑했던 사람을 어떻게 극복할 수 있나요? 아직도 그 사람이 그리워요.
What are the ways to explore world without spending more money?,돈을 더 쓰지 않고 세계를 탐험하는 방법은 무엇입니까?
How do I to make money online?,온라인으로 돈을 벌려면 어떻게 해야 합니까?
Where can I find delicious cupcakes at Gold Coast?,골드코스트에서 맛있는 컵케이크를 어디에서 찾을 수 있나요?
How successful was the Delhi's Odd-even plan?,델리의 홀짝 짝수 계획은 얼마나 성공적이었습니까?
Who will win if a war starts between India and Pakistan?,인도와 파키스탄 사이에 전쟁이 시작되면 누가 이길까요?
How can you reduce your fear of dying?,죽음에 대한 두려움을 어떻게 줄일 수 있습니까?
What is the price I have to pay for repairing a broken iPhone 6 screen? How can it be done?,깨진 iPhone 6 화면을 수리하는 데 지불해야 하는 비용은 얼마입니까? 어떻게 할 수 있나요?
What are the most interesting products and innovations that Ball is coming out with in 2016?,Ball이 2016년에 출시할 가장 흥미로운 제품과 혁신은 무엇입니까?
Is the Universe infinite or is there an end to the Universe?,"우주는 무한한가, 아니면 우주에 끝이 있는가?"
What is bestmytest.com?,bestmytest.com은 무엇인가요?
How much money should I raise?,돈을 얼마나 모아야 하나요?
What do you people think of Mr. Arvind Kejriwal and his AAP?,Arvind Kejriwal 씨와 그의 AAP에 대해 어떻게 생각하시나요?
What will be the effect of the ban of the 1000rs and 500rs notes on the stock market?,1000rs와 500rs 지폐 금지가 주식 시장에 어떤 영향을 미칠까요?
How do concentric and eccentric contraction compare and contrast?,동심성 수축과 편심성 수축을 어떻게 비교하고 대조하나요?
"Why do people not question ""news"" posts and opinions posted on social media websites?","사람들은 왜 소셜 미디어 웹사이트에 게시된 ""뉴스"" 게시물과 의견에 의문을 제기하지 않습니까?"
What online platforms can I post ads for beer money opportunity?,맥주로 돈을 벌 수 있는 기회에 대한 광고를 게시할 수 있는 온라인 플랫폼은 무엇입니까?
What's are the meaning of life?,삶의 의미는 무엇입니까?
How should I start a small business in construction?,소규모 건설 사업을 시작하려면 어떻게 해야 합니까?
What are time deposits? Are RD and FD types of time deposits?,정기 예금이란 무엇입니까? RD와 FD 유형의 정기예금이 있나요?
Why do we need friends?,왜 친구가 필요합니까?
Do we exist?,우리는 존재하는가?
What are the best thriller movie in Hollywood?,할리우드 최고의 스릴러 영화는 무엇입니까?
I study in Ashutosh College in Kolkata. Can I study in any other college in India in my 2nd year?,저는 콜카타의 Ashutosh College에서 공부합니다. 2학년 때 인도의 다른 대학에서 공부할 수 있나요?
What happens when you fill a petrol car with diesel? What is the solution if such an incident happened?,휘발유차에 디젤을 채우면 어떻게 될까요? 이런 사고가 발생했다면 해결책은 무엇인가요?
What jobs are available with a bachelor’s degree in Homeland Security?,국토안보부 학사 학위를 취득하면 어떤 직업을 얻을 수 있나요?
What are good books to self study calculus?,미적분학 독학하기 좋은 책은 무엇인가요?
How and why did you break up with your ex?,"전 애인과 어떻게, 왜 헤어졌나요?"
Does iPhone 5S support JIO VoLTE?,iPhone 5S는 JIO VoLTE를 지원하나요?
What are some unwritten rules you have for your home?,당신의 집에 대해 기록되지 않은 규칙은 무엇입니까?
What is the best excuse to explain a gap (of one or two years) in your job career for a job interview?,취업 면접을 위해 경력 공백(1~2년)을 설명하는 가장 좋은 변명은 무엇입니까?
What are some songs for a sweet airy mezzo voice?,감미롭고 바람이 잘 통하는 메조 목소리에 어울리는 노래는 무엇인가요?
What can you tell me regarding this birth chart?,이 출생 차트에 관해 무엇을 말해주실 수 있나요?
Who were the creators of trigonometry?,삼각법의 창시자는 누구였습니까?
"People say ""don't try to please others."" Does being nice to others mean pleasing them?","사람들은 ""다른 사람을 기쁘게 하려고 노력하지 마세요""라고 말합니다. 다른 사람에게 친절하다는 것은 그들을 기쁘게 한다는 뜻인가요?"
How should countries prevent war?,국가는 어떻게 전쟁을 예방해야 하는가?
How can I become a billionaire (in finance)?,어떻게 하면 (금융 부문) 억만장자가 될 수 있나요?
How can I learn about web design?,웹 디자인에 대해 어떻게 배울 수 있나요?
Is there a web service that can send appointment sms-reminders to customers extracting data from Google calendar?,Google 캘린더에서 데이터를 추출하는 고객에게 약속 SMS 알림을 보낼 수 있는 웹 서비스가 있습니까?
What will be the implications of banning 500 and 1000 rupees currency notes on Indian economy?,500루피와 1000루피 지폐 금지가 인도 경제에 어떤 영향을 미칠까요?
What makes understanding death philosophical?,무엇이 죽음을 철학적으로 이해하게 만드는가?
Are dogs carnivorous animals?,개는 육식동물인가요?
What is it like to be in a relationship with someone you cheated with?,바람을 피운 사람과 관계를 맺는 것은 어떤가요?
If I turn of my user id off can I text someone that blocked me?,사용자 ID를 끄면 나를 차단한 사람에게 문자 메시지를 보낼 수 있나요?
What is the most delicious dish you've ever eaten and why?,지금까지 먹어본 음식 중 가장 맛있는 음식은 무엇이며 그 이유는 무엇입니까?
What is like to be a private banker in Switzerland?,스위스에서 개인 은행가가 되는 것은 어떤가요?
What is journalism?,저널리즘이란 무엇입니까?
How can I improve my concentration?,집중력을 어떻게 향상시킬 수 있나요?
"How can you personalize a LinkedIn invitation? I think I just sent a colleague an invitation on LinkedIn, but did not get a chance to personalize it!",LinkedIn 초대를 어떻게 개인화할 수 있나요? 방금 LinkedIn에서 동료에게 초대장을 보냈지만 개인화할 기회를 얻지 못한 것 같습니다!
What are the pros and cons of having a pet German Shepherd?,애완용 독일 셰퍼드를 키우는 것의 장점과 단점은 무엇입니까?
What is the difference between a hobby and a habit?,취미와 습관의 차이점은 무엇입니까?
Is it OK for a husband and wife to masturbate together? Is it considered cheating if your partner is masturbating without your consent?,남편과 아내가 함께 자위해도 괜찮습니까? 파트너가 동의 없이 자위를 하면 부정행위로 간주되나요?
Can I get a job in a consulting firm after Mtech in CSE from IIT?,IIT에서 CSE로 Mtech를 마친 후 컨설팅 회사에 취업할 수 있나요?
What is the biological reason for crying?,우는 생물학적 이유는 무엇입니까?
How does the Earth's core affect its crust?,지구의 핵심은 지각에 어떤 영향을 미치나요?
Should a guy re-evaluate his current relationship and feelings if he's worried about temptation hanging out with a girl that he was friends with?,친구였던 여자와 어울리고 싶은 유혹이 걱정된다면 남자는 자신의 현재 관계와 감정을 재평가해야 할까요?
How can I fake my iPhone location without jailbreaking?,탈옥하지 않고 iPhone 위치를 어떻게 위조할 수 있나요?
How did you quit/stop smoking?,어떻게 담배를 끊거나 끊으셨나요?
Which is the best programming language?,최고의 프로그래밍 언어는 무엇입니까?
How do earthquake resistant buildings work?,내진 건물은 어떻게 작동하나요?
Is Jennifer Lawrence a bad actress?,제니퍼 로렌스는 나쁜 배우인가?
Why have most of the guys in India become so desperate? Don't they know that girls don't always look for relationships? Would it hurt guys to become our friend first?,인도의 대부분의 남자들이 왜 그토록 절박해졌습니까? 여자들은 항상 관계를 찾지 않는다는 것을 모르나요? 먼저 친구가 되는 게 남자들에게 상처가 될까요?
What is it like to date a cougar or a sugar daddy?,쿠거나 슈가대디와 데이트하는 건 어떤가요?
How do I frame my time table for 4 months to crack Gate 2016?,Gate 2016을 달성하기 위해 4개월 동안의 시간표를 어떻게 구성해야 합니까?
Which are best mobile phones to buy under 15000?,15000 미만으로 구매하기 가장 좋은 휴대폰은 무엇입니까?
How do I start business from nothing?,무(無)에서 사업을 시작하려면 어떻게 해야 합니까?
Has anyone ever had a near-death experience?,임사체험을 해본 사람이 있나요?
How can I keep my dog from getting fleas?,개가 벼룩에 감염되지 않게 하려면 어떻게 해야 합니까?
When was the Letter J created?,문자 J는 언제 만들어졌나요?
Harvard College Courses: What is general shopping advice for Tamil classes?,하버드 대학 과정: 타밀어 수업을 위한 일반적인 쇼핑 조언은 무엇입니까?
How do I transfer my contacts from one Android phone to another Android phone?,한 Android 휴대폰에서 다른 Android 휴대폰으로 내 연락처를 어떻게 전송하나요?
What is the most important book you have ever read?,지금까지 읽은 책 중 가장 중요한 책은 무엇입니까?
What universities does Sigma-Aldrich recruit new grads from? What majors are they looking for?,Sigma-Aldrich는 어떤 대학에서 새로운 졸업생을 모집합니까? 그들은 어떤 전공을 찾고 있나요?
I'm a masters student interested to work in Humanitarian sector. What are the skills required? I'm a medical doctor doing my masters in UK,저는 인도주의 분야에서 일하고 싶은 석사과정 학생입니다. 필요한 기술은 무엇입니까? 저는 영국에서 석사과정을 밟고 있는 의사입니다
What universities does Chart Industries recruit new grads from? What majors are they looking for?,Chart Industries는 어떤 대학에서 새로운 졸업생을 모집합니까? 그들은 어떤 전공을 찾고 있나요?
What are the best & iconic movie posters?,최고의 & 상징적인 영화 포스터는 무엇입니까?
Could all bitcoin mining be done by a single Raspberry Pi?,단일 라즈베리 파이로 모든 비트코인 ​​채굴을 수행할 수 있습니까?
How racist are you?,당신은 얼마나 인종차별주의자인가요?
What's the difference between between and among?,이들사이그리고 사이의 차이점은 무엇인가요?
What do Canadians call Canada?,캐나다인들은 캐나다를 무엇이라고 부르나요?
How would you find the zero of the function for [math]y=\frac{4x^2 - 36x}{ x-9}[/math]?,[math]y=\frac{4x^2 - 36x}{ x-9}[/math]에 대한 함수의 영점을 어떻게 찾을 수 있나요?
How do I add a second device to a Google Play account?,Google Play 계정에 두 번째 기기를 어떻게 추가하나요?
What should I do to be a good Speaker?,좋은 연설가가 되려면 어떻게 해야 합니까?
How can I write to Narendra Modi?,Narendra Modi에게 어떻게 편지를 보낼 수 있나요?
Who is more delusional: Donald Trump or Ted Cruz?,도널드 트럼프와 테드 크루즈 중 누가 더 망상적인가?
"If Jon Snow is not Ned's bastard, why does Lady Catelyn hate him so much?",Jon Snow가 Ned의 사생아가 아니라면 Lady Catelyn은 왜 그를 그렇게 싫어합니까?
What are your theories about Bermuda Triangle?,버뮤다 삼각지대에 관한 당신의 이론은 무엇입니까?
Do girls like black guys with no beard?,여자들은 수염없는 흑인남자를 좋아하나요?
Would you live in a tiny house?,작은 집에 살겠습니까?
I am an 18 years old boy and I love a girl who's 14 years old. We both live Tamil Nadu. Is this a time to propose to her?,저는 18세 소년이고 14세 소녀를 사랑합니다. 우리 둘 다 타밀 나두에 살고 있습니다. 지금이 그녀에게 프로포즈할 때인가?
How much and with what should I feed my 3 months old raven?,"3개월 된 까마귀에게 얼마만큼, 무엇을 먹여야 할까요?"
What should I do to avoid depression and anxiety?,우울증과 불안을 예방하려면 어떻게 해야 합니까?
Is bad breath a sign of a strong stomach?,구취는 위가 튼튼하다는 신호인가요?
"I'm a girl and I'm in love my best friend (who is also a girl), what should I do?",저는 여자이고 가장 친한 친구(여자이기도 한)를 사랑하고 있습니다. 어떻게 해야 합니까?
Which are the best universities in Germany for getting a degree in mechanical engineering?,독일에서 기계공학 학위를 받기에 가장 좋은 대학은 어디인가요?
How can I maintain my peace of mind?,어떻게 마음의 평화를 유지할 수 있습니까?
Is Volkswagen a good reliable car?,폭스바겐은 믿을만한 좋은 차인가요?
What are the causes and most effective ways to treat or cure migraine headaches?,편두통의 원인과 치료 또는 치료의 가장 효과적인 방법은 무엇입니까?
What is the brief comparison of KMC in Manipal and Mangalore?,Manipal과 Mangalore의 KMC에 대한 간략한 비교는 무엇입니까?
What should I do when my bestfriend is ignoring me?,가장 친한 친구가 나를 무시할 때 어떻게 해야 합니까?
Which useful Android phone apps are not available in the Google Play store?,Google Play 스토어에서 사용할 수 없는 유용한 Android 휴대폰 앱은 무엇입니까?
How do you keep motivated when you learn a new language?,새로운 언어를 배울 때 어떻게 동기를 유지하나요?
Which are the top firms in Skills assessment industry in India and Globally?,인도 및 전 세계적으로 기술 평가 업계의 최고 기업은 어디입니까?
Emoticons: What does “:/” mean?,"이모티콘: "":/""은(는) 무슨 뜻인가요?"
What did nicholas piramal do with 17500 cr?,Nicholas Piramal은 17500 cr로 무엇을 했습니까?
What would be the best way of keeping yourself amused in a prison?,감옥에서 즐거운 시간을 보낼 수 있는 가장 좋은 방법은 무엇입니까?
Where do scientists work?,과학자들은 어디에서 일하나요?
"What is the office culture and woking at Patanjali office, haridwar?",하리드와르 파탄잘리 사무실의 사무실 문화와 업무는 어떤가요?
What is the difference between Chinese and Western style wedding?,중국식 결혼식과 서양식 결혼식의 차이점은 무엇인가요?
Preferable PG courses for BE (EEE) student in Tamil Nadu?,타밀나두(Tamil Nadu)에서 BE(EEE) 학생에게 선호되는 PG 과정은 무엇입니까?
What is the difference between offshore and onshore?,해상과 육상의 차이점은 무엇입니까?
Why do people hate Shahrukh Khan and why do people feel that he is not an Indian?,사람들은 왜 샤룩 칸을 싫어하며 왜 그가 인도인이 아니라고 생각합니까?
What are the top self help books I should read?,내가 읽어야 할 최고의 자조 서적은 무엇입니까?
What is Evernote used for?,Evernote는 어떤 용도로 사용되나요?
How do I start my continuation for the Gift of the Magi?,동방 박사의 선물 계속 진행을 시작하려면 어떻게 해야 하나요?
What are some good lyric prank songs to send your best friends?,가장 친한 친구에게 보내기 좋은 가사 장난 노래는 무엇인가요?
I'm a girl in middle school. My best friends are all girls. I've found out that I'm bisexual. How do I tell my best friend who's a girl without her freaking out and it changing our whole friendship?,저는 중학교에 다니는 여학생입니다. 내 가장 친한 친구는 모두 여자입니다. 제가 양성애자라는 사실을 알게 됐어요. 내 가장 친한 친구에게 여자라는 사실을 겁내지 않고 어떻게 말해야 우리 우정 전체가 바뀔 수 있나요?
Can hair dye help pass a hair follicle drug test for daily meth smokers?,염색약이 매일 메스 흡연자를 위한 모낭 약물 테스트를 통과하는 데 도움이 될 수 있습니까?
How should I start contributing to open source projects?,오픈소스 프로젝트에 기여하려면 어떻게 시작해야 하나요?
"If you dream about some kind of harm, will there be injuries in real life?",어떤 피해를 꿈꾸면 실생활에서 부상이 있을까요?
Do cricketers actually drink tea during tea break?,크리켓 선수들은 실제로 휴식 시간에 차를 마시나요?
What are the requirements for selection into MIT?,MIT에 입학하기 위한 요구 사항은 무엇입니까?
How does a fetus exhale in the womb?,태아는 자궁 속에서 어떻게 숨을 내쉬나요?
Are there any good incest movie?,좋은 근친상간 영화가 있나요?
The guy I'm dating never texts me and I feel like he doesn't care about me but when I see him he shows me he likes me and wants me. Why do I feel this way?,내가 데이트하고 있는 남자는 나에게 문자를 전혀 보내지 않고 그가 나에 대해 관심이 없는 것 같은 느낌이 들지만 내가 그를 보면 그는 나를 좋아하고 원한다는 것을 보여줍니다. 왜 이런 느낌이 들까요?
What type of belt can be used to lift 200 Kg continuously?,200Kg을 연속적으로 들어 올리려면 어떤 종류의 벨트를 사용할 수 있습니까?
"Why does Oberon punish Titania in ""A Midsummer Night's Dream""?",'한여름 밤의 꿈'에서 오베론이 티타니아를 처벌하는 이유는 무엇입니까?
Have you ever regretted your divorce?,이혼을 후회한 적 있나요?
How much can a person's DNA change from birth to death in a life span of approximately 70 years?,사람의 DNA는 대략 70년의 수명 동안 태어나서 죽을 때까지 얼마나 변할 수 있습니까?
What are some cool facts about Facebook?,Facebook에 관한 멋진 사실은 무엇인가요?
Are there any strong indications that Donald Trump does cocaine?,도널드 트럼프가 코카인을 한다는 강력한 증거가 있나요?
What is the syllabus for ICSE 2017 geography map?,ICSE 2017 지리 지도의 강의 계획서는 무엇입니까?
"Why might career training programs be more beneficial than a college degree, if at all, to aspiring entrepreneurs and tycoons?",야심 찬 기업가와 거물에게 직업 훈련 프로그램이 대학 학위보다 더 유익한 이유는 무엇입니까?
What is the way to watch Comedy Nights with Kapil live on the sets?,카필과 함께하는 코미디 나이트를 세트장에서 라이브로 시청하는 방법은 무엇인가요?
Who is Sandeep Maheshwari?,Sandeep Maheshwari는 누구입니까?
Is there a Monster Hunter PC game?,Monster Hunter PC 게임이 있나요?
Does it matter from which college you do your graduation (BCom) from for admission into a top Indian B-School even If I score high(99%+)?,내가 높은 점수(99%+)를 획득하더라도 인도 최고의 B-School에 입학하기 위해 어느 대학에서 졸업(BCom)하는지가 중요합니까?
Why should / shouldn't I watch porn?,"왜 포르노를 봐야 할까요, 보지 말아야 할까요?"
How can one learn to trust again?,다시 신뢰하는 법을 어떻게 배울 수 있습니까?
What is your bucket list?,당신의 버킷리스트는 무엇인가요?
How were you first introduced to porn?,포르노를 처음 접한 계기는 무엇입니까?
Which car services are available in Atlanta? How good are they compared to taxis and relative to each other?,애틀랜타에서는 어떤 자동차 서비스를 이용할 수 있나요? 택시와 비교하면 얼마나 좋은가요?
Why can't sodium channels pass through potassium channels?,나트륨 채널이 칼륨 채널을 통과할 수 없는 이유는 무엇입니까?
How can I get rid of the feeling that my spouse is cheating on me?,배우자가 바람을 피우고 있다는 느낌을 어떻게 없앨 수 있습니까?
Which is the best non AC girls hostel in Srm?,Srm에서 AC가 아닌 여자 호스텔 중 가장 좋은 곳은 어디인가요?
"How can the drive from Brooklyn to Staten Island be described, and how do these cities' tourist attractions compare to other tourist attractions?","브루클린에서 스태튼 아일랜드까지의 운전은 어떻게 설명할 수 있으며, 이 도시의 관광 명소는 다른 관광 명소와 어떻게 비교됩니까?"
Is it healthy to eat a whole avocado every day?,매일 아보카도를 통째로 먹으면 건강에 좋나요?
How do I get Facebook badge notifications on HTC 10?,HTC 10에서 Facebook 배지 알림을 받으려면 어떻게 해야 하나요?
What will Hillary Clinton do now?,힐러리 클린턴은 이제 무엇을 할 것인가?
How do you apply Vicks Vapor rub to treat a stuffy nose?,코 막힘을 치료하기 위해 Vicks Vapor rub를 어떻게 적용합니까?
How do I prepare for Net JRF in English literature?,영문학 분야의 Net JRF를 어떻게 준비하나요?
How did they say breakfast in Portuguese before coffee was introduced to Europeans & the Portuguese language?,커피가 유럽인들과 포르투갈어에 소개되기 전에 그들은 포르투갈어로 아침 식사를 어떻게 말했습니까?
Who is the best graphic designer in israel?,이스라엘 최고의 그래픽 디자이너는 누구입니까?
How is The Canterbury Tales a satire?,The Canterbury Tales는 어떻게 풍자인가요?
Which should I start with: Angular 2 or AngularJS 1?,Angular 2와 AngularJS 1 중 무엇부터 시작해야 합니까?
Why do we fall asleep?,우리는 왜 잠들까요?
What is your favourite Stan Lee cameo in a Marvel film?,마블 영화에서 스탠 리 카메오 중 가장 좋아하는 것은 무엇입니까?
What are your views on ban of 500 and 1000 rupee notes in India?,인도의 500루피와 1000루피 지폐 금지에 대해 어떻게 생각하시나요?
How do you find a figure labeled this way in a textbook?,교과서에서 이런 식으로 표시된 그림을 어떻게 찾나요?
I am a freelance musician. How can I get into the jingle industry?,저는 프리랜스 음악가입니다. 징글 산업에 어떻게 들어갈 수 있나요?
Why is Saltwater taffy candy imported in China?,소금물엿을 중국에서 수입하는 이유는 무엇입니까?
How can I join MIT?,MIT에 어떻게 가입할 수 있나요?
What is the best thing you've ever learned on Quora?,Quora에서 배운 것 중 가장 좋은 것은 무엇입니까?
"If Israel and Iran went to war, who would win?",이스라엘과 이란이 전쟁을 하면 누가 이길까요?
I'm almost 40. Is it too late for me to learn piano?,이제 거의 40살이 되었습니다. 피아노를 배우기에는 너무 늦은 걸까요?
What is a least natural number?,최소 자연수는 무엇입니까?
Which phone to buy Moto m or one plus 3t?,Moto m이나 one plus 3t 중 어떤 휴대폰을 구매해야 할까요?
I lost all my ID. I am adopted and can't access my original birth certificate. How do I replace my ID without even a birth certificate?,신분증을 모두 잃어버렸어요. 입양되었는데 원래 출생 증명서에 접근할 수 없습니다. 출생증명서도 없이 신분증을 어떻게 교체하나요?
Is it possible to travel faster than light?,빛보다 빠른 속도로 여행하는 것이 가능할까?
What's it like to be a firefighter?,소방관이 된다는 것은 어떤가요?
What are the main data platform?,주요 데이터 플랫폼은 무엇입니까?
Do we need the IPC section 375?,IPC 섹션 375가 필요합니까?
What is the alternative word for creative?,창의적이라는 대체 단어는 무엇입니까?
Shaquille O'Neal considers Tim Duncan a power forward therefore disqualifying Duncan from the NBA great big men discussion. Does O'Neal have a point?,Shaquille O'Neal은 Tim Duncan을 파워 포워드로 간주하여 NBA Great Big Men 토론에서 Duncan을 실격시킵니다. 오닐의 말이 일리가 있나요?
Why do I feel like I'm excited about something when I have nothing to be excited about?,왜 흥분할 일이 없는데 뭔가에 흥분되는 것처럼 느껴지는 걸까요?
What are the life lessons you can learn from the dark knight?,암흑기사에게서 배울 수 있는 인생 교훈은 무엇입니까?
How do you stop a criminal's attempt to kidnap you and escape unharmed?,당신을 납치하고 무사히 탈출하려는 범죄자의 시도를 어떻게 막을 수 있습니까?
How do I start selling on Amazon?,아마존에서 판매를 시작하려면 어떻게 해야 합니까?
Daniel Ek: Are there any future plans of releasing Spotify in India?,Daniel Ek: 향후 인도에서 Spotify를 출시할 계획이 있나요?
What books are worth reading in early 20s?,20대 초반에 읽어볼만한 책은?
What book do I start with for GATE preparation?,GATE 준비를 위해 어떤 책부터 시작해야 하나요?
"What does the phrase ""love begets love"" mean?","""사랑은 사랑을 낳는다""는 말은 무슨 뜻인가요?"
What is similar to 4shared but better?,4shared와 비슷하지만 더 나은 점은 무엇입니까?
"If someone grabs you by your shirt with both their hands and tells you to shut up, is that assault and can you call the police?",누군가가 당신의 셔츠를 양손으로 잡고 닥치라고 말한다면 그것은 폭행이고 경찰에 신고할 수 있습니까?
What is this model's name? I see her everywhere.,이 모델 이름이 뭔가요? 나는 그녀를 어디에서나 본다.
What are some good pizza recipes?,좋은 피자 요리법은 무엇입니까?
What are some good mountaineering institutes for a beginner level mountaineering course?,초급 등산 코스를 위한 좋은 등산 학원은 어디인가요?
How do you unlock a car with a tennis ball?,테니스 공으로 자동차의 잠금을 해제하는 방법은 무엇입니까?
Can I withdraw my money from any branch of particular bank .my bank is bank of Baroda I have no Atm card and cheque book?,특정 은행의 어느 지점에서나 돈을 인출할 수 있습니다. 내 은행은 바로다 은행입니다. ATM 카드와 수표책이 없나요?
What is a cover story?,커버스토리란 무엇인가요?
"According to the M-theory, there are 11 dimensions. Why are only 5 dimensions in regards to gravity addressed in Interstellar?",M이론에 따르면 11차원이 있다. 인터스텔라에서 중력과 관련하여 5차원만 다루는 이유는 무엇입니까?
I have terrible eyesight. Can I still become a fighter pilot in the Air Force?,나는 시력이 나쁘다. 공군 전투기 조종사가 될 수 있나요?
"How do I do the Wake Back To Bed lucid dreaming technique when I think I have restless leg syndrome (regardless, my legs hurt at night.)?",다리 불안 증후군이 있다고 생각될 때(어쨌든 밤에 다리가 아프다.) 잠에서 깨어나 자각몽 기법을 어떻게 수행하나요?
Have mythical creatures been scientifically tested?,신화 속 생물이 과학적으로 테스트되었나요?
Can the global climate change be reversed or halted?,"지구 기후 변화를 되돌릴 수도, 멈출 수도 있을까요?"
What should I ask my crush?,좋아하는 사람에게 무엇을 물어봐야 할까요?
Does gravitational force exists in all planets?,중력은 모든 행성에 존재하는가?
Did Mahabharata really happen or only an allegory according to M.K.Gandhi?,"마하바라타는 정말로 일어났는가, 아니면 단지 M.K.Gandhi에 따른 우화였는가?"
What's a good source to purchase Attorneys eMail addresses? Thanks,변호사 이메일 주소를 구매할 수 있는 좋은 소스는 무엇입니까? 감사해요
Is it healthy to lose 13 pounds in a month?,한 달에 13파운드를 빼는 것이 건강한가요?
When will the Pokémon series end?,포켓몬 시리즈는 언제 끝나나요?
Why are police lights red and/or blue?,경찰 신호등은 왜 빨간색 및/또는 파란색입니까?
"Why was my question marked as ""needs improvement?""","내 질문이 ""개선 필요""로 표시된 이유는 무엇입니까?"
Who owns Natural Factors?,Natural Factors의 소유자는 누구입니까?
I want to install EXE extension files in Android mobile. Is it possible?,Android 모바일에 EXE 확장 파일을 설치하고 싶습니다. 가능합니까?
What is garbage value in c?,C의 쓰레기 가치는 무엇입니까?
What are the best ways to prepare for software interviews?,소프트웨어 인터뷰를 준비하는 가장 좋은 방법은 무엇입니까?
Does Rahul Gandhi have chances to become next Pm of India after Modi?,라훌 간디(Rahul Gandhi)가 모디(Modi) 이후 인도의 차기 총리가 될 기회가 있습니까?
Is it good to do gym at morning and swimming at noon?,아침에 헬스하고 점심에 수영하는 것이 좋을까요?
What is the difference between asteroids and comets?,소행성과 혜성의 차이점은 무엇입니까?
Why is unrefrigerated milk good for you?,냉장보관되지 않은 우유가 왜 좋은가요?
What are some tricks to study effectively?,효과적으로 공부하는 비결은 무엇인가요?
Which is the best country for higher education after USA and UK?,"미국, 영국 다음으로 고등교육을 받기 가장 좋은 나라는 어디일까요?"
What is this painting?,이 그림은 무엇입니까?
Which are the major highways in California and how are they compared to the major highways in Texas?,캘리포니아의 주요 고속도로는 무엇이며 텍사스의 주요 고속도로와 어떻게 비교됩니까?
"If space is expanding, where does the new space come from?","공간이 확장된다면, 새로운 공간은 어디에서 오는가?"
Can a bald person ever grow their hair back?,대머리인 사람도 머리카락이 다시 자랄 수 있나요?
How is chili different between cultures?,고추는 문화마다 어떻게 다른가요?
"What does it mean when a guy says ""Be safe""?","남자가 ""안전하세요""라고 말하는 것은 무엇을 의미합니까?"
What makes a good programmer great?,좋은 프로그래머를 훌륭하게 만드는 것은 무엇입니까?
Is World War III imminent?,제3차 세계대전이 임박했나요?
Is the US at risk of some type of uprising after the election?,미국은 선거 후 어떤 종류의 봉기의 위험에 처해 있습니까?
What are the best countries for whistleblowers to seek asylum?,내부 고발자가 망명을 신청하기에 가장 좋은 국가는 어디입니까?
What are crop circles?,미스터리 서클이란 무엇입니까?
How does baking soda help you pass a drug test?,베이킹 소다는 약물 검사를 통과하는 데 어떻게 도움이 됩니까?
How is Zika virus spread?,지카 바이러스는 어떻게 전파되나요?
How do you learn algebra 1 fast?,대수 1을 어떻게 빨리 배울 수 있나요?
Does retaking subjects in college affect future job prospects?,대학에서 과목을 다시 수강하는 것이 향후 취업 전망에 영향을 줍니까?
How can I get my name off the first page on Google search?,Google 검색의 첫 페이지에서 내 이름을 어떻게 삭제할 수 있나요?
Why did the Battle of Agincourt happen? How does it compare to the Battle of Edge Hill?,아쟁쿠르 전투는 왜 일어났는가? Edge Hill 전투와 비교하면 어떻습니까?
Flowers: What is vaijanti?,꽃: 바이잔티란 무엇인가?
What is the best place to have sex from?,섹스를 하기 가장 좋은 장소는 어디인가요?
Does anemia increase irritability?,빈혈이 과민성을 증가시키나요?
Should I get the new Macbook Pro?,새로운 Macbook Pro를 사야 할까요?
Does binge drinking cause long term brain damage?,폭음은 장기적인 뇌 손상을 유발합니까?
What is the difference between Chinese and western culture?,중국문화와 서양문화의 차이점은 무엇인가요?
What are some good free web scrapers / scraping techniques?,좋은 무료 웹 스크레이퍼/스크래핑 기술에는 어떤 것이 있나요?
Where can I find the best Security Cameras?,최고의 보안 카메라를 어디에서 찾을 수 있나요?
Is it healthy to eat one chicken every day?,매일 치킨 한 마리씩 먹으면 건강에 좋나요?
Can Hindi words get a place in the Oxford dictionary?,힌디어 단어가 옥스퍼드 사전에 등재될 수 있나요?
Why do I not feel remorse?,나는 왜 후회하지 않습니까?
How many minutes of yoga can be done in a day?,하루에 몇 분 정도 요가를 할 수 있나요?
Why did my dog bite me?,내 개가 왜 나를 물었나요?
How can I get a severe foot sprain?,발 염좌가 심할 경우 어떻게 해야 합니까?
What are some symptoms of a severe crick in the neck?,목에 심한 경련이 생기면 어떤 증상이 있나요?
What are the best places to visit in Nepal?,네팔에서 가보면 좋을 명소는 어디인가요?
I'm tired of the laptops Ive bought getting old and slow after 2ish years. Do desktops degrade as quickly? Will getting a solid state drive laptop/desktop help increase its longevity?,나는 내가 구입한 노트북이 2년이 지나면서 낡고 느려지는 것에 지쳤습니다. 데스크탑 성능이 그렇게 빨리 저하되나요? 솔리드 스테이트 드라이브(Solid State Drive) 노트북/데스크톱을 구입하면 수명을 늘리는 데 도움이 됩니까?
"Which company should I choose, HSBC (GLT) or Cybage Software?",HSBC(GLT)와 Cybage Software 중 어느 회사를 선택해야 합니까?
"How badly did Donald Trump miscalculate his run would have on his ""brand"" value?","도널드 트럼프는 자신의 출마가 자신의 ""브랜드"" 가치에 미칠 영향을 얼마나 잘못 계산했습니까?"
How much marks should I score in SSC cpo to get Delhi police?,델리 경찰을 확보하려면 SSC cpo에서 얼마나 많은 점수를 받아야 합니까?
Are we heading toward World War 3?,이제 제3차 세계대전을 향해 가고 있는 걸까요?
How do I write a song?,노래는 어떻게 쓰나요?
What is next step after demonetization?,화폐화 이후 다음 단계는 무엇인가요?
"If you have me, you want to share me. If you share me, you don't get me. What am I?",내가 있다면 나를 공유하고 싶을 것입니다. 나를 공유하면 나를 얻을 수 없습니다. 나는 무엇입니까?
What is the most interesting fact that most people don't know about?,대부분의 사람들이 모르는 가장 흥미로운 사실은 무엇입니까?
Why haven't we developed a fusion reactor capable of generating more energy than it consumes? What are the problems we face?,왜 우리는 소비하는 것보다 더 많은 에너지를 생성할 수 있는 핵융합로를 개발하지 않았습니까? 우리가 직면한 문제는 무엇입니까?
Is there a working Nintendo 3DS emulator for PC?,PC용으로 작동하는 Nintendo 3DS 에뮬레이터가 있습니까?
Where can I buy cheap clothes in bulk?,대량으로 옷을 싸게 살 수 있는 곳은 어디인가요?
How do I become a good computer science engineer?,좋은 컴퓨터공학 엔지니어가 되려면 어떻게 해야 하나요?
How ClockWorkMod works for phones NOT having bootloader unlocked?,부트로더가 잠금 해제되지 않은 휴대폰에서 ClockWorkMod가 어떻게 작동하나요?
Is it right option from being Android Developer to become Translator after 3 years in software development field?,안드로이드 개발자에서 소프트웨어 개발 분야에서 3년을 보낸 후 번역가가 되는 것이 올바른 선택인가요?
How do I excel in computer sciece & programing without wasting four years in CS degree in Indian engineering college?,인도 공과대학에서 CS 학위를 취득하는 데 4년을 허비하지 않고 어떻게 컴퓨터 과학 및 프로그래밍 분야에서 탁월한 성과를 거둘 수 있나요?
How was your experience of Lucid dreaming?,루시드 드림(Lucid dreaming) 체험은 어땠나요?
What does it feel like to be attractive and desired by many?,매력적이고 많은 사람들이 원하는 느낌은 어떤가요?
What should be done further to apply for Ph.D fellowship from a government institution if I have cleared TIFR GS 2016 written test?,TIFR GS 2016 필기시험에 합격한 경우 정부기관에 박사학위를 신청하려면 어떻게 해야 합니까?
How can I hack another WhatsApp account?,다른 WhatsApp 계정을 어떻게 해킹할 수 있나요?
Could USC buy UCLA?,USC가 UCLA를 인수할 수 있나요?
What is the most important lesson you have learned from life?,인생에서 배운 가장 중요한 교훈은 무엇입니까?
What are the best mobile apps for recruiters?,채용 담당자를 위한 최고의 모바일 앱은 무엇입니까?
How would Trump presidency affect Indian students in the US?,트럼프 대통령이 미국에 있는 인도 학생들에게 어떤 영향을 미칠까요?
What is the order of the Batman: Arkham games?,Batman: Arkham 게임의 순서는 무엇입니까?
What are the hacks in daily life?,일상생활 속 꿀팁은 무엇인가요?
How much weight do I lose by purging after every time I eat?,식사 후 배설을 하면 체중이 얼마나 감량되나요?
What is your favorite anime character? And why?,당신이 가장 좋아하는 애니메이션 캐릭터는 무엇입니까? 그리고 왜?
How does ATM transaction work?,ATM 거래는 어떻게 이루어지나요?
How many mechanical engineers graduate per year in India?,인도에서는 매년 몇 명의 기계 엔지니어가 졸업합니까?
What do you need to start your own private equity firm?,자신의 사모펀드 회사를 시작하려면 무엇이 필요합니까?
What is the most underrated activity?,가장 과소평가된 활동은 무엇입니까?
What should all mechanical engineering students know?,기계공학과 학생들은 무엇을 알아야 할까요?
What are the best places to visit in Kerala for college students?,케랄라에서 대학생을 위한 최고의 방문 장소는 어디인가요?
Why are there so many questions about IQ questions on Quora?,Quora에 IQ 질문에 대한 질문이 왜 그렇게 많은가요?
How can I destroy the world?,어떻게 세상을 파괴할 수 있나요?
How do I make money through YouTube?,YouTube를 통해 어떻게 수익을 창출하나요?
How can I entirely turn off syntax highlighting in Sublime Text for Golang?,Golang용 Sublime Text에서 구문 강조를 완전히 해제하려면 어떻게 해야 합니까?
Can I see an ordered list of the people with whom I share the most mutual friends on Facebook?,Facebook에서 가장 많은 친구를 공유하고 있는 사람들의 순서 목록을 볼 수 있나요?
"When did Putin become a public person, and what was his ""rise to fame"" like?","푸틴은 언제 공인이 되었으며, 그의 ""명예 상승""은 어땠나요?"
How do I start writing?,글쓰기를 어떻게 시작하나요?
How did the Big Bang happen when there wasn't any time for it to happen in?,빅뱅이 일어날 시간도 없었는데 어떻게 빅뱅이 일어났는가?
Why do I want to stay single all my life after my breakup? Why do I feel like I am done with this serious relationship thing?,이별 후에도 평생 싱글로 지내고 싶은 이유는 무엇입니까? 왜 이 진지한 관계가 끝난 것 같은 느낌이 드는 걸까요?
When should I start preparing for the civil service exam?,공무원 시험 준비는 언제 시작해야 하나요?
What are the non-invasive blood glucose monitoring systems in India?,인도의 비침습적 혈당 모니터링 시스템은 무엇입니까?
What is the difference between sex and masturbation when it comes to pleasure?,즐거움에 있어서 섹스와 자위의 차이점은 무엇입니까?
Why do some people believe that life ends at death?,일부 사람들은 왜 인생은 죽음으로 끝난다고 믿는가?
How do I start solar energy business?,태양광 사업을 시작하려면 어떻게 해야 하나요?
Does web Methods has future after 5 to 10 years from now?,지금부터 5~10년 후에 웹 메소드의 미래가 있을까요?
Do you have psychic power?,당신은 초능력을 갖고 있나요?
How do you manage time between work and study?,일과 공부 사이의 시간을 어떻게 관리합니까?
Is it possible to give usmele step 1 after 8 years of gap?,8년 공백기 후에 usmele 1단계를 주는 것이 가능한가요?
Is Urjit Patel is right person for RBI Governor?,Urjit Patel이 RBI 주지사에 적합한 사람인가요?
Would you want to be President?,대통령이 되고 싶나요?
How are India's relations with the U.S.A.?,인도와 미국의 관계는 어떻습니까?
How will Trump supporters react once they realize he can't or won't keep his campaign promises?,트럼프 지지자들은 트럼프가 선거 공약을 지킬 수 없거나 지키지 않을 것임을 알게 되면 어떻게 반응할 것인가?
How can I efficiently learn while sleeping?,자면서 어떻게 효율적으로 학습할 수 있나요?
Can you play Asian Playstation 4 games on a European Playstation 4?,유럽용 Playstation 4에서 아시아용 Playstation 4 게임을 플레이할 수 있나요?
How can I stop watching porn?,포르노 시청을 어떻게 중단할 수 있나요?
"Why did the UK have bad living standards in the 70s/80s, but better now?",70~80년대 영국의 생활 수준은 나빴지만 지금은 나아진 이유는 무엇입니까?
How can undergraduate help with machine learning research?,학부생은 머신러닝 연구에 어떻게 도움을 줄 수 있나요?
"As of 2015, what is the future of iOS development?","2015년 현재, iOS 개발의 미래는 어떻게 될까요?"
What do you feel is the purpose of life?,인생의 목적이 무엇이라고 생각하시나요?
How does a girl get a boyfriend?,여자는 어떻게 남자친구를 사귀나요?
Do you think time travel is possible?,시간여행이 가능하다고 생각하시나요?
How do I do to get fuller face?,얼굴을 더 빵빵하게 만들려면 어떻게 해야 하나요?
I want to start my career as a photographer at age of 25. Is it too late?,저는 25세에 사진작가로서의 경력을 시작하고 싶습니다. 너무 늦었나요?
When will the best time for having sex?,섹스를 하기 가장 좋은 시간은 언제일까요?
Why can't steel and aluminum be welded together?,왜 강철과 알루미늄을 함께 용접할 수 없나요?
How is it possible for a YouTube video to have more likes/dislikes than views?,YouTube 동영상의 조회수보다 좋아요/싫어요 수가 더 많을 수 있는 방법은 무엇인가요?
Is it possible for the Sharif government to resolve the conflicts in Kashmir?,샤리프 정부가 카슈미르 분쟁을 해결하는 것이 가능합니까?
If I dug a huge hole in the ground in a straight line what would happen when I reach the opposite side of the Earth? Would my head or my feet come out first?,"땅에 커다란 구멍을 일직선으로 파면 지구 반대쪽에 도달하면 어떻게 될까요? 머리가 먼저 나올까요, 발이 먼저 나올까요?"
How do we make free energy?,자유 에너지를 어떻게 만들까요?
What Is Web Design?,웹 디자인이란 무엇입니까?
What are the funniest jokes / stories you ever heard?,당신이 들어본 것 중 가장 재미있는 농담/이야기는 무엇입니까?
What is a phenotype ratio?,표현형 비율이란 무엇입니까?
Why does time seem to pass so slowly when you are in a boring lecture?,지루한 강의를 듣고 있는데 왜 시간이 이렇게 느리게 흐르는 것 같나요?
Which bollywood celebrity has his/her own jet?,자신의 제트기를 소유한 발리우드 유명 인사는 누구입니까?
What are the differences between having BOSE headphones in the ear and around the ear?,BOSE 헤드폰을 귀에 착용하는 것과 귀에 착용하는 것의 차이점은 무엇입니까?
What movies would you recommend everyone to watch?,모든 사람에게 어떤 영화를 보도록 추천하고 싶나요?
Is World War 3 more imminent than expected?,제3차 세계대전이 예상보다 더 임박한 걸까요?
Does eating prunes help with constipation?,자두를 먹으면 변비에 도움이 되나요?
Have you ever been told any condescending statement by your elders to prove their point in question ?,당신은 문제의 요점을 입증하기 위해 당신의 장로들로부터 겸손한 말을 들은 적이 있습니까?
Would the world be less technologically advanced if the two world wars had never occurred?,두 차례의 세계대전이 일어나지 않았다면 세상은 기술적으로 덜 발전했을까요?
What is the minimum investment If I want to buy oil and gas royalties?,석유 및 가스 로열티를 구매하려는 경우 최소 투자 금액은 얼마입니까?
Are Quorans supportive of Modi?,Quorans는 Modi를 지지합니까?
What is a good source to learn mathematica?,수학을 배울 수 있는 좋은 자료는 무엇인가요?
What are some examples of how to describe a person in a positive light?,긍정적인 시각으로 사람을 묘사하는 방법에 대한 몇 가지 예는 무엇입니까?
What happens when you fly into a country but they refuse you entry?,어떤 나라에 비행기를 타고 입국했지만 입국을 거부하면 어떻게 되나요?
Why is Barack Obama so important to the world?,버락 오바마가 세계에 왜 그토록 중요한가?
Has Pakistan become a safe haven for global terrorism?,파키스탄은 글로벌 테러리즘의 안전한 피난처가 되었습니까?
How can I stop hairfall?,탈모를 어떻게 멈출 수 있나요?
What's the best classical music piece of all time?,역대 최고의 클래식 음악 작품은 무엇입니까?
What are some unusual aspects about politics and government in Singapore?,싱가포르의 정치와 정부에는 어떤 특이한 측면이 있습니까?
What is the aim of science?,과학의 목표는 무엇인가?
Is it okay to fire someone via email?,이메일로 누군가를 해고해도 괜찮나요?
What are some nice budget places to stay in Goa?,고아에서 저렴한 숙박 시설은 어디인가요?
Are there any website like Quora?,Quora 같은 사이트 있나요?
How are the conditions inside European Refugee Camps?,유럽 ​​난민캠프 내부 상황은 어떤가요?
What is the opposite of take off?,이륙의 반대말은 무엇인가요?
What are the things that you love the most about your fiance?,약혼자에 대해 가장 좋아하는 점은 무엇입니까?
Can somebody explain to me how to do with steps this little problem?,누군가 이 작은 문제를 해결하는 방법을 나에게 설명해 줄 수 있습니까?
How can I increase my presence of mind?,마음의 존재감을 어떻게 높일 수 있습니까?
How would mathematics change had 2 plus 2 been equal to 5?,2 더하기 2가 5라면 수학은 어떻게 변할까요?
Does my CIBIL score gets impacted if I only pay the minimum due amount?,최소 지불 금액만 지불하면 내 CIBIL 점수에 영향이 듭니까?
"What is the proper, canonical spelling of Middle-earth in Tolkien's works?",톨킨의 작품에 나오는 중간계(Middle-earth)의 올바른 표준 철자는 무엇입니까?
What do Malaysians think about indians?,말레이시아인들은 인도인에 대해 어떻게 생각하나요?
Can I take 10 month baby to base camp of Har ki dun trek?,10개월 아기를 하키둔 트레킹 베이스캠프에 데려갈 수 있나요?
How can we learn c programming?,C 프로그래밍을 어떻게 배울 수 있나요?
What are your views on the supreme court's decision to make playing national anthem mandatory in cinema halls?,영화관에서 국가 연주를 의무화한 대법원의 결정에 대해 어떻게 생각하시나요?
"If a single woman were elected President of the United States, would she have a First Lady or First Gentleman?",미혼 여성이 미국 대통령에 당선된다면 영부인이나 영부인이 있을까요?
How can I get MOOCs/E-learning through online web and video courses related to photography developed by Indian professors?,인도 교수들이 개발한 사진 관련 온라인 웹 및 동영상 강좌를 통해 MOOC/E-Learning을 어떻게 받을 수 있나요?
"Mobile number portability finally will start on May 3rd, including changing circles. Have network providers really agreed to this?",서클 변경을 포함해 드디어 5월 3일부터 휴대전화 번호이동이 시작됩니다. 네트워크 제공업체가 실제로 이에 동의했습니까?
Why do people hate Twilight so much?,사람들은 왜 트와일라잇을 그토록 싫어합니까?
Stepping into corporate life from being a student. How does that feel?,학생 신분에서 회사 생활에 들어갑니다. 기분이 어떤가요?
"Lua and C, which one is the best programming language for embedded systems?","Lua와 C, 임베디드 시스템에 가장 적합한 프로그래밍 언어는 무엇입니까?"
How can I improve my English speaking .?,어떻게 하면 영어 말하기를 향상시킬 수 있나요?
How can I be gay and dislike gay sex?,어떻게 게이가 되고 게이 섹스를 싫어할 수 있나요?
"I am in tenth grade at a high school in Ontario, Canada. I would really love to do an exchange with a student from Europe. Any ideas on how I can go about doing this?",저는 캐나다 온타리오에 있는 고등학교 10학년입니다. 저는 유럽에서 온 학생과 교환학생을 하고 싶습니다. 이 작업을 수행하는 방법에 대한 아이디어가 있습니까?
How do I make money through YouTube?,YouTube를 통해 어떻게 수익을 창출하나요?
How do I find the love of my life?,내 인생의 사랑을 어떻게 찾을 수 있습니까?
"Is it possible to burn 1000 calories each day? If yes, how?",매일 1000칼로리를 태울 수 있을까? 그렇다면 어떻게?
How can I get rid of man boobs?,남자 가슴 어떻게 없애나요?
"Which are all the stress free, relatively easy to get jobs in India that pay a decent sum of money and allow you to pursue other interests?",인도에서 스트레스 없이 비교적 쉽게 일자리를 얻을 수 있고 상당한 금액을 지불하며 다른 관심사를 추구할 수 있는 것은 무엇입니까?
What is the scientific reason behind visiting temples?,사찰을 방문하는 과학적인 이유는 무엇인가요?
Is circumcision allowed in Islam?,이슬람에서는 포경수술이 허용되나요?
Where can I get professional photo booths service in Sydney?,시드니에서 전문적인 사진 부스 서비스를 어디에서 받을 수 있나요?
How do you send a friend request on Instagram?,Instagram에서 친구 요청을 어떻게 보내나요?
How can someone control their anger?,분노를 어떻게 조절할 수 있습니까?
What is Gender Profiling?,성별 프로파일링이란 무엇입니까?
How do get out of Quora?,쿠오라에서 어떻게 나가나요?
How long does onigiri last if left refrigerated? How can it be kept longer?,오니기리를 냉장보관하면 얼마나 오래 지속되나요? 어떻게 하면 더 오래 보관할 수 있나요?
What are some of the best smartphones technology gadgets?,최고의 스마트폰 기술 기기에는 어떤 것이 있나요?
How does it feel to be homosexual in India?,인도에서 동성애자가 된다는 것은 어떤 느낌인가요?
How important is the role of TPM at Amazon?,Amazon에서 TPM의 역할은 얼마나 중요합니까?
What happens if a dictatorship continues in the present day?,현재 독재정권이 계속된다면 어떻게 될까요?
What makes a perfect cup of coffee?,완벽한 커피 한 잔을 만드는 것은 무엇일까요?
Was the US election rigged?,미국 선거가 조작됐나요?
"Is Gayle Laakmann McDowell planning on publishing any more books? If so, what is she working on?",Gayle Laakmann McDowell은 더 많은 책을 출판할 계획인가요? 그렇다면 그녀는 무엇을 하고 있나요?
What are some fermented products?,발효식품에는 어떤 것들이 있나요?
What do you think about my short film?,내 단편영화에 대해 어떻게 생각하세요?
Why is there a conflict between India and Pakistan on Kashmir?,카슈미르 지역에서 인도와 파키스탄 사이에 갈등이 일어나는 이유는 무엇입니까?
How can I get food stamps in college?,대학에서는 푸드 스탬프를 어떻게 받을 수 있나요?
What are some examples of recursion in the real world?,현실 세계에서 재귀의 예는 무엇입니까?
How do find best applications for android security?,안드로이드 보안을 위한 최고의 애플리케이션을 어떻게 찾나요?
How difficult would it be to learn how to play the accordion if I know how to play the piano?,피아노를 칠 줄 안다면 아코디언을 배우는 것이 얼마나 어려울까요?
What is the role of the Indian army?,인도군의 역할은 무엇인가?
What is the use of demonetizing Rs. 500 & Rs. 1000 notes?,Rs를 화폐화하는 용도는 무엇입니까? 500 & Rs. 1000노트?
What are some interesting facts about Bengaluru?,벵갈루루에 대한 흥미로운 사실은 무엇입니까?
If both my parents have blood group B+ can I be A+?,부모님 모두 혈액형이 B+라면 나도 A+가 될 수 있나요?
Which is the best book for chemistry for NEET?,NEET의 화학에 대한 가장 좋은 책은 무엇입니까?
What is enlightenment?,깨달음이란 무엇입니까?
Why do many Quora users ask questions they could look up online?,많은 Quora 사용자가 온라인에서 검색할 수 있는 질문을 하는 이유는 무엇입니까?
What should be the answer if your interviewer asks you to sell his pen in front of him?,면접관이 자기 앞에서 펜을 팔라고 하면 뭐라고 대답해야 할까요?
"68.44% of product passes the process spec.To pass, the product must be close to average. How many standard deviations away does 68.44% represent?",제품의 68.44%가 공정 사양을 통과합니다. 통과하려면 제품이 평균에 가까워야 합니다. 68.44%는 얼마나 많은 표준편차를 나타냅니까?
Why don't we fly east to go from India to USA?,인도에서 미국으로 가기 위해 동쪽으로 비행기를 타는 것은 어떨까요?
"My family tickets have changed from RAC to CNF (Confirmed), will all of us have adjacent seats? After preparation of charts?",가족 티켓이 RAC에서 CNF(확정)로 변경되었습니다. 모두 옆 좌석을 배정받을 수 있나요? 차트를 준비한 후?
What is a way to design a beautiful user interface?,아름다운 사용자 인터페이스를 디자인하는 방법은 무엇입니까?
How do I improve my learning skills?,학습 능력을 어떻게 향상시킬 수 있나요?
What are the uses of Raspberry Pi and Intel Galileo?,Raspberry Pi와 Intel Galileo의 용도는 무엇입니까?
What is your best 2016 movie?,2016년 최고의 영화는 무엇인가요?
"Why Central Govt banned old 500 and 1000 Rs note, but issued new 500 and 2000 Rs note?",왜 중앙정부는 오래된 500루피와 1000루피 지폐를 금지했지만 새로운 500루피와 2000루피 지폐를 발행했나요?
What is a good photo?,좋은 사진이란 무엇입니까?
Why do people run away from home?,사람들은 왜 집에서 도망치는 걸까요?
What are access modifiers in Java?,Java의 액세스 수정자는 무엇입니까?
"Can poetry be learned? Or is it a “you have it or not"" sort of thing?",시를 배울 수 있나요? 아니면 “있느냐 없느냐”의 문제인가요?
What is the truth about life after death since there are some unconfirmed examples?,확인되지 않은 사례가 있는데 죽음 이후의 삶에 대한 진실은 무엇입니까?
Do I need to get a tetanus shot?,파상풍 주사를 맞아야 하나요?
"If gravity bends light, can light bend gravity?",중력이 빛을 휘게 하면 빛도 중력을 휘게 할 수 있을까?
What are some cute ways to cut up a skirt?,스커트를 자르는 귀여운 방법에는 무엇이 있나요?
Has Lotus actually sold any cars in the US over the last 10 year?,Lotus가 실제로 지난 10년 동안 미국에서 자동차를 판매한 적이 있습니까?
How do I send another person a message on Quora?,Quora에서 다른 사람에게 메시지를 어떻게 보내나요?
How do I train White Pitbulls?,화이트 핏불(White Pitbuls)을 어떻게 훈련하나요?
"Why does turkey have darker, more flavorful dark meat than chicken?",칠면조는 왜 닭고기보다 검은색 고기가 더 진하고 풍미가 더 좋나요?
What is the most surreal question on Quora?,Quora에서 가장 초현실적인 질문은 무엇입니까?
What are the differences between computer science and computer engineering?,컴퓨터 과학과 컴퓨터 공학의 차이점은 무엇입니까?
What would be the best time to have sex?,섹스하기 가장 좋은 시간은 언제일까요?
Are there any good free online astrologers?,좋은 무료 온라인 점성가가 있나요?
Why don't I feel like talking to anyone?,왜 누구와도 얘기하고 싶지 않은 걸까요?
Why do we hate our sisters?,우리는 왜 자매를 미워합니까?
What's a good torrent site to download games from?,게임 다운로드에 좋은 토렌트 사이트는 어디인가요?
What causes death by hanging?,교수형으로 사망하는 원인은 무엇입니까?
How does WiFi latency compare to Wired Ethernet?,WiFi 대기 시간은 유선 이더넷과 어떻게 비교됩니까?
I am studying BS Computer science. I am in 7th semester and can't pass the basic programming course. Wasted alot money?,저는 학사 컴퓨터 과학을 공부하고 있습니다. 저는 7학기인데 기본 프로그래밍 과정을 통과할 수 없습니다. 돈을 많이 낭비했나요?
What behavioral adaptations do red pandas have?,붉은 팬더는 어떤 행동 적응을 가지고 있나요?
Is textile engineering good or not?,"섬유공학이 좋은가, 나쁜가?"
What is the world's fastest street legal car?,세계에서 가장 빠른 합법적인 도로용 자동차는 무엇입니까?
What are magnets made of?,자석은 무엇으로 만들어지나요?
What is true value?,진정한 가치란 무엇인가?
What does it take to become an FBI agent?,FBI 요원이 되려면 무엇이 필요합니까?
What is the best operating system for PC?,PC에 가장 적합한 운영 체제는 무엇입니까?
How many TV channels are there in the world?,세상에는 몇 개의 TV 채널이 있나요?
What are some inventions from the Neolithic Age?,신석기 시대의 발명품에는 어떤 것이 있나요?
Why does Quora mark my questions as needing improvement/clarification before I have time to give it details? Literally within seconds…,Quora는 왜 내가 질문에 세부 사항을 제공하기 전에 개선/설명이 필요하다고 표시합니까? 말 그대로 몇 초 안에…
How can I hire a hacker?,해커를 고용하려면 어떻게 해야 하나요?
What are some of the best horror novels of 2014?,2014년 최고의 공포 소설은 무엇입니까?
What is the most beautiful thing ever built?,이제까지 만들어진 것 중 가장 아름다운 것은 무엇입니까?
Why should I live?,나는 왜 살아야 하는가?
What is the exact meaning of life?,삶의 정확한 의미는 무엇입니까?
What can I do when my friend betrayed me?,친구가 나를 배신했을 때 어떻게 해야 합니까?
"I am 22, my weight is 46 kg and my height is 5.4 ft. What should I do to gain height and weight?",저는 22살이고 몸무게는 46kg이고 키는 5.4피트입니다. 키와 몸무게를 늘리려면 어떻게 해야 하나요?
Why is Saltwater taffy candy imported in Laos?,바닷물엿을 라오스에서 수입하는 이유는 무엇인가요?
Why is Mexico City dangerous?,멕시코시티는 왜 위험한가요?
How much does it cost to book a good wedding venue?,좋은 결혼식 장소를 예약하는 데 비용이 얼마나 드나요?
What are some of the most amazing concepts given by theoretical physicists which cannot be proved in reality or are too advanced to prove with available resources/technologies?,실제로 증명할 수 없거나 사용 가능한 자원/기술로 증명하기에는 너무 진보된 이론 물리학자들이 제시한 가장 놀라운 개념에는 어떤 것이 있습니까?
What is more important money or respect?,돈과 존경 중 무엇이 더 중요합니까?
Who is best Indian hacker?,최고의 인도 해커는 누구입니까?
Do we need to change the  education system of India? If yes then why?,인도의 교육 시스템을 바꿔야 할까요? 그렇다면 왜 그렇습니까?
What is the standard size of a column for building?,건축 기둥의 표준 크기는 얼마입니까?
What are some of the most commonly mispronounced English words?,가장 흔히 잘못 발음되는 영어 단어에는 어떤 것이 있나요?
Do girls get crushes on their male teachers?,여자아이들은 남자 선생님에게 반할까요?
Is it too late to go to medical school at 24?,24살에 의과대학에 가기엔 너무 늦은 걸까요?
Where can I get quality services for cleaning paint and paint removal in Chatswood?,채스우드에서는 페인트 청소 및 페인트 제거에 대한 고품질 서비스를 어디에서 받을 수 있나요?
If I screenshot someone's live video on Instagram do they get notified?,Instagram에서 다른 사람의 라이브 동영상을 스크린샷하면 그 사람이 알림을 받나요?
"What government exams, other than the GATE can average mark final year computer science students give?",GATE 외에 컴퓨터 공학 학생들이 치르는 최종 학년 평균 점수를 매길 수 있는 정부 시험은 무엇입니까?
"Pangrams: In English, using all the letters of the alphabet exactly once, and picking one dictionary, can you make a sentence, or any set of common English words?",Pangrams: 영어에서 모든 알파벳 문자를 정확히 한 번만 사용하고 하나의 사전을 선택하여 문장이나 일반적인 영어 단어 집합을 만들 수 있습니까?
How do I increase grey matter in the brain?,뇌의 회백질을 어떻게 늘리나요?
My IQ is currently 83. Can I get a high paying job or ever get a six figure salary job?,내 IQ는 현재 83입니다. 연봉이 높은 직업을 구하거나 6자릿수 연봉의 직업을 얻을 수 있나요?
Do psychopaths find babies cute?,사이코패스들은 아기를 귀엽게 여길까?
"What are an opera choir's rights? Do we get paid for rehearsals? Are we entitled to catering throughout rehearsals, etc. (part of an opera company)?",오페라 합창단의 권리는 무엇인가요? 리허설 비용을 받나요? 리허설 등(오페라단의 일부) 동안 케이터링을 받을 자격이 있습니까?
What would happen if a woman sued the Catholic Church for not allowing them to become a priest?,만약 한 여성이 신부가 되는 것을 허락하지 않았다는 이유로 가톨릭교회를 고소한다면 어떻게 될까요?
I'm a Canadian PR that just finished studying in the US. I got offered an H1-B. Should I take the offer or return to Canada?,"저는 미국 유학을 막 마친 캐나다 PR입니다. H1-B 제안을 받았습니다. 제안을 받아들여야 할까요, 아니면 캐나다로 돌아가야 할까요?"
Will I see if someone blocked me of Facebook?,누군가 나를 Facebook에서 차단했는지 확인할 수 있나요?
Briefly describe how you would test a mineral for each of these properties?,이러한 각 특성에 대해 광물을 테스트하는 방법을 간략하게 설명하십시오.
Are there any competitive coders from Tamil Nadu?,타밀나두(Tamil Nadu) 출신의 경쟁력 있는 코더가 있습니까?
"What do you think when you hear the word, ""Japan""?",'일본'이라는 단어를 들으면 어떤 생각이 드시나요?
How should you start learning programming?,프로그래밍 학습을 어떻게 시작해야 할까요?
How can one serve humanity?,어떻게 인류에게 봉사할 수 있습니까?
How do I calculate a semester percentage from SGPA in ITER?,ITER에서 SGPA의 학기 백분율을 어떻게 계산합니까?
Why does Jimmy Wales choose to reside in London instead of the US?,지미 웨일즈가 미국 대신 런던에 거주하기로 선택한 이유는 무엇입니까?
What is difference between China and the United States to send gifts?,선물을 보내는 중국과 미국의 차이점은 무엇입니까?
How does the ranking of answers on Quora work?,Quora의 답변 순위는 어떻게 결정되나요?
What's your resolution for year 2016?,2016년 당신의 결심은 무엇입니까?
What is Balaji Vishwanathan's view on caste based reservation system in India?,인도의 카스트 기반 예약 시스템에 대한 Balaji Vishwanathan의 견해는 무엇입니까?
DO YOU THINK IF MY TREE FALLS ON YOUR PROPERTY IT SHOULD BE MYINE OR YOUR RESPONSABILITY?,내 나무가 귀하의 소유지에 떨어지면 그것은 나의 책임이거나 귀하의 책임이어야 한다고 생각하십니까?
Why did barvaria join Germany?,바르바리아는 왜 독일에 합류했나요?
What is [math]\mathop {\lim}\limits_{x \to 0^+}\frac{1}{x}^\frac{-x}{x+1}[/math]?,[수학]\mathop {\lim}\limits_{x \to 0^+}\frac{1}{x}^\frac{-x}{x+1}[/math]는 무엇인가요?
How should I stop thinking about someone?,누군가에 대한 생각을 어떻게 멈춰야 합니까?
What is mutual fund all about?,뮤추얼 펀드란 무엇인가요?
"When calculating bullet spin; MV X 12 (twist rate in inches) X 60=RPM, does distance to target matter?","총알 스핀을 계산할 때; MV X 12(비틀림률(인치)) X 60=RPM, 대상까지의 거리가 중요합니까?"
How do you go about maintaining an acoustic bass guitar?,어쿠스틱 베이스 기타를 유지 관리하는 방법은 무엇입니까?
Which universities in the US offer a more technical content in the management information systems curriculum?,미국의 어떤 대학이 경영 정보 시스템 커리큘럼에서 더 기술적인 내용을 제공합니까?
"I want to do a BBA. I only got 62% in class 12 (non maths). I am taking 1 year drop for the entrance exam of Symbiosis, GGSIPU, etc. Should I also give an improvement next year?","나는 BBA를 하고 싶다. 저는 12학년(수학 제외)에서 62%밖에 받지 못했습니다. Symbiosis, GGSIPU 등의 입시를 위해 1년 휴약을 하고 있는데 내년에도 개선을 주어야 할까요?"
What is functional programming?,함수형 프로그래밍이란 무엇입니까?
"What is the difference between socialism, marxism, and communism?","사회주의, 마르크스주의, 공산주의의 차이점은 무엇입니까?"
How can I log in Facebook without password?,비밀번호 없이 Facebook에 로그인하려면 어떻게 해야 하나요?
How is the word 'contorted' used in a sentence?,문장에서 'contorted'라는 단어는 어떻게 사용됩니까?
3D Rad: How can I make a mission-based game?,3D Rad: 미션 기반 게임을 어떻게 만들 수 있나요?
How companies make money?,기업은 어떻게 돈을 버는가?
What are the most overrated movies?,가장 과대평가된 영화는 무엇인가?
"In deep Q learning, how we update the weight in neural network?",딥 Q 학습에서 신경망의 가중치를 어떻게 업데이트하나요?
Which should I learn first: C++ or C#?,C++와 C# 중 무엇을 먼저 배워야 합니까?
What is the most accurate wearable item for activity  on the market today (i.e. Jawbone or Fitbit)?,오늘날 시장에서 가장 정확한 활동을 위한 웨어러블 제품은 무엇입니까(예: Jawbone 또는 Fitbit)?
What is the evidence for and against the existence of the historical Jesus?,역사적 예수의 존재를 지지하는 증거와 반대하는 증거는 무엇입니까?
Suggest me some free online courses that provides certificates?,인증서를 제공하는 무료 온라인 강좌를 제안해 주세요.
I worked for 1month and absconded from accenture within bond period will they take any legal action?will it effect when joining other company?,1개월 근무했는데 보태기간 내에 액센트에서 탈퇴했는데 법적조치를 취하게 되나요? 다른 회사에 입사하면 영향이 있나요?
What are some of the best paid part time jobs that can be done from home?,집에서 할 수 있는 최고의 유급 아르바이트에는 어떤 것이 있나요?
Is there a big chance that Trump will win the election?,트럼프가 선거에서 승리할 가능성이 큰가요?
What computer science courses should I take If I want to join a product based or e-commerce company?,제품 기반 회사나 전자 상거래 회사에 입사하려면 어떤 컴퓨터 공학 과정을 수강해야 합니까?
How do i meet suresh raina?,수레쉬 레이나를 어떻게 만나나요?
What is the name of the song in which Salman Khan teases Madhuri Dixit by using a slingshot and is from which movie?,살만 칸이 새총을 사용하여 마두리 딕시트를 놀리는 노래의 이름은 무엇이며 어느 영화에 나오는가요?
What is the function of centrosomes in plant cells?,식물 세포에서 중심체의 기능은 무엇입니까?
What are some examples of evidence of evolution that fossil records provide?,화석 기록이 제공하는 진화 증거의 몇 가지 예는 무엇입니까?
What is the Gülen movement?,귈렌 운동이란 무엇인가?
Is it necessary to learn vedic maths and spending time on short tricks for cat 2016 exam?,Cat 2016 시험을 위해 베다 수학을 배우고 짧은 요령에 시간을 투자해야 합니까?
What do mythical creatures eat?,신화 속 생물은 무엇을 먹나요?
"We had consensual sex, then he forced me into having anal sex. If I press charges, will the fact that I consented to sex vaginally ruin my case?","우리는 합의하에 성관계를 가졌으며 그는 나에게 항문성교를 하도록 강요했습니다. 내가 고소한다면, 내가 성관계에 동의했다는 사실이 내 사건을 망치게 될까요?"
What is the weather like during winter in Tel Aviv?,텔아비브 겨울 날씨는 어떻습니까?
What are the best stocks to invest for long term right now?,지금 장기적으로 투자하기에 가장 좋은 주식은 무엇입니까?
How do I improve my reading skill?,읽기 능력을 어떻게 향상시킬 수 있나요?
What should I do if someone has posted porn video under my name?,누군가 내 이름으로 포르노 비디오를 게시했다면 어떻게 해야 하나요?
"Will eating 2,000 calories a day make me lose weight?","하루에 2,000칼로리를 먹으면 살이 빠질까?"
What are the safety precautions on handling shotguns proposed by the NRA in Arizona?,애리조나주 NRA에서 제안한 산탄총 취급 시 안전 예방 조치는 무엇입니까?
Bollywood industry doesn't encourage outsiders? For ex outsiders may get one or at max two chances whereas star kids get multiple chances to perform?,발리우드 산업은 외부인을 장려하지 않습니까? 전 외부인의 경우 한 번 또는 최대 두 번의 기회를 얻을 수 있는 반면 스타 아이들은 여러 번의 공연 기회를 얻을 수 있습니까?
What are the pros and cons of bringing a small claims case before the People's Court on TV?,TV에서 인민법원에 소액청구사건을 제기하는 것의 장점과 단점은 무엇입니까?
How do I ask my ex to get back together?,전 애인에게 다시 만나자고 어떻게 요청하나요?
What cross-platform should I choose while developing a mobile application for an enterprise?,기업용 모바일 애플리케이션을 개발하는 동안 어떤 크로스 플랫폼을 선택해야 합니까?
What is the best way to prepare for IELTS?,IELTS를 준비하는 가장 좋은 방법은 무엇입니까?
How do I know if my online girlfriend truly loves me?,내 온라인 여자친구가 나를 진심으로 사랑하는지 어떻게 알 수 있나요?
"If one was to go about learning Python to be able to apply it to his area of study (Major in Chem minor in Math), what applications of Python could be most useful when applying for a job?","Python을 자신의 전공 분야(화학 전공, 수학 부전공)에 적용하기 위해 배우려고 한다면, 취업 시 Python의 어떤 응용 프로그램이 가장 유용할까요?"
What is the difference between the words burglary and robbery?,강도와 강도라는 단어의 차이점은 무엇입니까?
Is Graph Theory a nice-to-have course to have for machine learning?,그래프 이론(Graph Theory)은 머신러닝을 위한 좋은 강좌인가요?
Which are the best schools for studying natural language processing?,자연어 처리를 공부하기에 가장 좋은 학교는 어디인가요?
Will Donald Trump support Ted Cruz for president?,도널드 트럼프가 테드 크루즈를 대통령으로 지지할 것인가?
What is the significance of GDP?,GDP의 중요성은 무엇입니까?
Who will be the new American president? Why,새로운 미국 대통령은 누가 될 것인가? 왜
What do you have to do to become an airline pilot?,항공조종사가 되려면 어떻게 해야 하나요?
How do I cure anal fissure permanently with home remedies?,가정 요법으로 항문 균열을 어떻게 영구적으로 치료할 수 있나요?
How can I get best score in GRE?,GRE에서 가장 좋은 점수를 얻으려면 어떻게 해야 합니까?
Why is the soul immortal?,영혼은 왜 불멸인가?
What are some of your own personal Jupiter in the 1st house stories and experiences?,1하우스에 있는 당신의 개인적인 목성 이야기와 경험에는 어떤 것들이 있나요?
What is the best way to reduce pollution in india?,인도에서 오염을 줄이는 가장 좋은 방법은 무엇입니까?
Is UberMoto legal in India?,UberMoto는 인도에서 합법인가요?
"What does ""I fancy you"" mean?","""나는 당신을 좋아해요""은(는) 무슨 뜻인가요?"
Which is the best place to celebrate New Year 2015 in Hyderabad?,하이데라바드에서 2015년 새해를 축하하기 가장 좋은 장소는 어디인가요?
What is working hard in terms of studying?,공부를 열심히 한다는 것은 무엇인가요?
I have Windows 7 32 bit. Can I upgrade to 64 bit Windows 10 (since it's a free upgrade)?,저는 Windows 7 32비트를 사용하고 있습니다. 무료 업그레이드이므로 64비트 Windows 10으로 업그레이드할 수 있나요?
What were some of your good and bad life experiences?,인생에서 좋았던 경험과 나빴던 경험 중 어떤 것이 있었나요?
Which brand of drums does Timbaland use?,Timbaland는 어떤 브랜드의 드럼을 사용하나요?
How do you get cell phone numbers?,휴대폰 번호는 어떻게 얻나요?
Do you need to wake up in the middle of REM sleep in order to remember you dreams?,꿈을 기억하려면 REM 수면 중에 깨어나야 합니까?
What are common required and elective courses in philosophy?,철학의 공통필수과목과 선택과목은 무엇인가요?
I want to learn singing. How do I start?,노래를 배우고 싶어요. 어떻게 시작하나요?
Will Google's virtual monopoly in web search ever end? When?,웹 검색에 대한 Google의 사실상 독점은 과연 끝날까요? 언제?
What causes Auto Immune diseases?,자가면역질환의 원인은 무엇인가요?
Does GTA IV work on Windows 10?,GTA IV는 Windows 10에서 작동합니까?
Which institute provide best SSC and banking coaching in Chandigarh?,찬디가르에서 최고의 SSC 및 은행 코칭을 제공하는 기관은 어디입니까?
Which is the best pmp certification center in Bangalore?,방갈로르 최고의 PMP 인증 센터는 어디인가요?
What is the difference between gross income versus net income?,총소득과 순이익의 차이점은 무엇입니까?
How can I get up early in the morning?,아침에 어떻게 일찍 일어날 수 있나요?
What do you love? Why?,당신은 무엇을 사랑합니까? 왜?
"When should I expect my joining date for Accenture, The timeline shows its 24 dec 2016 and I havent recieved any updates from the Organisation?",Accenture 입사 날짜는 언제로 예상해야 합니까? 타임라인에는 2016년 12월 24일로 표시되어 있는데 조직으로부터 어떤 업데이트도 받지 못했습니다.
What's the difference between the iPhone 6 and the iPhone 6s?,아이폰6와 아이폰6s의 차이점은 무엇인가요?
Which army would win if fights occured between US troops from WW2 and US troops from Vietnam war?,2차 세계대전 미군과 베트남전 미군이 싸우면 어느 군대가 이길까요?
My sister told my crush that I like her without me asking her to do so. What should I do now?,언니는 내가 부탁하지 않아도 내가 좋아한다고 좋아하는 사람에게 말했다. 이제 어떻게 해야 하나요?
Who would win the Dovahkiin from Skyrim or Kylo ren?,Skyrim 또는 Kylo ren에서 Dovahkiin을 누가 이길까요?
What do non-Muslims expect from Muslims?,비무슬림은 무슬림에게 무엇을 기대하는가?
What can I comment to my girlfriend's pictures?,내 여자친구 사진에 뭐라고 댓글 달 수 있나요?
During rain what should I do for precautions of flooding road?,우천시 도로 침수 대책은 어떻게 하면 좋습니까?
What's the easiest way to prove the Heisenberg uncertainty principle?,하이젠베르크의 불확정성 원리를 증명하는 가장 쉬운 방법은 무엇입니까?
What is IELTS and its use?,IELTS란 무엇이며 그 용도는 무엇입니까?
How do I lose weight without doing exercise or diet?,운동이나 다이어트를 하지 않고 어떻게 체중을 감량할 수 있나요?
What digital cameras have electronic shutter that can be set to make absolutely no sound or noise?,소리나 소음이 전혀 발생하지 않도록 설정할 수 있는 전자 셔터가 있는 디지털 카메라는 무엇입니까?
I'm 51 can I date a man in his 30's?,저는 51세인데 30대 남자랑 사귈 수 있나요?
What were the causes for World War 1?,제1차 세계대전의 원인은 무엇이었는가?
How do I get over my fears?,두려움을 어떻게 극복합니까?
Which city in Argentina has the best weather?,아르헨티나에서 날씨가 가장 좋은 도시는 어디인가요?
What is differences between SSD and hdd?,SSD와 HDD의 차이점은 무엇입니까?
Why is my puppy vomiting white foam?,강아지가 하얀 거품을 토하는 이유는 무엇인가요?
"Do we truly have any purpose in life? Or do we create a purpose to make ourselves feel significant in the very vast world, or to make ourselves feel that our existence in the vast world is required?","우리는 정말로 삶의 목적을 갖고 있습니까? 아니면 우리는 아주 광대한 세상에서 우리 자신이 중요하다고 느끼도록 하기 위해, 또는 광대한 세상에서 우리의 존재가 필요하다고 느끼도록 하기 위해 목적을 만들고 있습니까?"
How is the job situation in New Zealand for computer science graduates diploma?,뉴질랜드 컴퓨터 과학 졸업생 졸업장의 취업 상황은 어떻습니까?
How do I create an e-commerce website?,전자상거래 웹사이트를 만들려면 어떻게 해야 하나요?
Does an iPhone 4 use a micro SIM card?,iPhone 4는 마이크로 SIM 카드를 사용합니까?
All my questions on Quora need improvement. What is the best way to ask a question on Quora?,Quora에 대한 모든 질문은 개선이 필요합니다. Quora에 질문을 하는 가장 좋은 방법은 무엇입니까?
"In an age where we constantly see the best of other people's work and lives, how do we not feel dissatisfied with our own work and lives?",끊임없이 다른 사람의 일과 삶의 최고만을 바라보는 시대에 우리는 어떻게 자신의 일과 삶에 불만을 느끼지 않을 수 있겠습니까?
How can I teach myself how to sing?,어떻게 노래하는 법을 스스로 가르칠 수 있나요?
What kinds of rude comments will a man get in the United States if he dates a woman 30 years younger than him?,미국에서 남자가 30살 어린 여자와 사귄다면 어떤 무례한 말을 듣게 될까요?
"If Frances Farmer (the actress) was still around today, what would she think about Donald Trump?",프랜시스 파머(여배우)가 오늘날에도 여전히 있었다면 그녀는 도널드 트럼프에 대해 어떻게 생각했을까요?
What are some good cheese substitutes for Havarti cheese?,하바티 치즈를 대체할 좋은 치즈 대체품은 무엇입니까?
Can constipation cause dizziness?,변비가 현기증을 유발할 수 있나요?
What is the warranty period of the Mi In-Ear Headphones Pro?,Mi In-Ear Headphones Pro의 보증 기간은 어떻게 되나요?
What are pros and cons of Hillary Clinton?,힐러리 클린턴의 장점과 단점은 무엇입니까?
I want to get thrilled. Which movie should I watch?,나는 흥분하고 싶다. 어떤 영화를 봐야 할까요?
How do I ensure that semen doesn't come out from my penis after I ejaculate?,사정 후 음경에서 정액이 나오지 않도록 하려면 어떻게 해야 합니까?
Which are the best SSC and banking coaching centers in Chandigarh?,찬디가르 최고의 SSC 및 은행 코칭 센터는 어디입니까?
"What would be the next number in the series-2,15,4,12,6,7? ...?","2,15,4,12,6,7 시리즈의 다음 숫자는 무엇입니까? ...?"
What do we need to have the best Halloween?,최고의 할로윈을 보내려면 무엇이 필요합니까?
I am 17 and I want to invest money in stock market where should I start?,저는 17세이고 주식 시장에 돈을 투자하고 싶습니다. 어디서부터 시작해야 합니까?
Why do company issue bonus shares?,회사가 무상주를 발행하는 이유는 무엇입니까?
Do you think scrapping of 500 and 1000 rupee denominations is going to eradicate corruption?,500루피와 1000루피 지폐를 폐지하면 부패가 근절될 것이라고 생각하시나요?
What should I do in a Group discussion when others keep fighting and won't let me talk even after I ask them to let me?,그룹 토론에서 다른 사람들이 계속 싸우고 내가 말하도록 요청했는데도 말을 못하게 할 때 어떻게 해야 합니까?
Who is the best manufacturer of customized kiosk in India?,인도 최고의 맞춤형 키오스크 제조업체는 누구입니까?
"Do we have telescopes powerful enough nowadays to see the man-made objects left on the moon by the Apollo missions, proving 100% that humans did in fact land there?",오늘날 우리는 아폴로 임무로 인해 달에 남겨진 인공 물체를 볼 수 있을 만큼 강력한 망원경을 가지고 있습니까? 인간이 실제로 달에 착륙했다는 것을 100% 증명할 수 있습니까?
Is there any online software available for calculating the time and space complexity of a Java program in Big O?,Big O에서 Java 프로그램의 시간 및 공간 복잡도를 계산하는 데 사용할 수 있는 온라인 소프트웨어가 있습니까?
How many keywords are there in AutoIt script programming language in the latest version?,최신 버전의 AutoIt 스크립트 프로그래밍 언어에는 몇 개의 키워드가 있습니까?
What is the hardest thing(s) about raising children in Mexico?,멕시코에서 자녀를 양육하면서 가장 어려운 점은 무엇입니까?
What is the best presentation software for you tube video making (both paid and free)?,튜브 비디오 제작을 위한 최고의 프레젠테이션 소프트웨어는 무엇입니까(유료 및 무료 모두)?
Why does India always sabotage and badmouth all economic projects Pakistan have with other countries in the world?,왜 인도는 파키스탄이 세계 다른 나라들과 진행하는 모든 경제 프로젝트를 항상 방해하고 욕합니까?
Why does it feel like there is a ball in my vagina?,왜 질 속에 공이 있는 것 같은 느낌이 들까요?
Why is The Big Bang Theory (TV series) so popular? Why is it so popular with mainstream viewers?,빅뱅이론(TV 시리즈)이 왜 그렇게 인기가 있나요? 왜 주류 시청자들에게 인기가 많나요?
How can you increase your height?,키를 어떻게 늘릴 수 있나요?
Have you ever been fired? How did you deal with it?,해고된 적이 있나요? 어떻게 처리하셨나요?
How would I dress like a workout guru from the year 1990 in the summer?,여름에 1990년 운동 전문가처럼 옷을 어떻게 입을까요?
My girlfriend is not talking to me. What should I do?,여자친구가 나한테 말을 안해요. 어떻게 해야 하나요?
How will abolishing Rs. 500 and Rs. 1000 notes affect the real estate businesses in India?,Rs를 어떻게 폐지합니까? 500과 Rs. 1000개의 노트가 인도의 부동산 사업에 영향을 미치나요?
What are the best interview questions to ask?,가장 좋은 면접 질문은 무엇입니까?
Do you think trusting other people is wise enough after being betrayed by someone else?,다른 사람에게 배신당한 후에는 다른 사람을 신뢰하는 것이 현명하다고 생각하시나요?
Who are the best headhunters?,최고의 헤드헌터는 누구인가?
Can rabies vaccine for humans be used for dog?,사람용 광견병 백신을 개에게도 사용할 수 있나요?
What is difference between Cableway and Ropeway?,케이블웨이와 로프웨이의 차이점은 무엇입니까?
Have mages been scientifically tested?,마법사는 과학적으로 테스트되었나요?
Why is maritime law so important?,해상법이 왜 그렇게 중요한가요?
How long will I get OS updates on moto g3?,Moto g3에서 OS 업데이트는 언제까지 받을 수 있나요?
Do you get paid when you do fight companions on the JRE or is it just for fun/exposure?,JRE에서 동료와 싸울 때 돈을 받나요? 아니면 단지 재미/노출을 위한 것인가요?
Who was the best villain in the Nolan Batman films?,놀란 배트맨 영화에서 최고의 악당은 누구였나요?
Why is there so much nudity in the Game of Thrones TV Series?,왕좌의 게임 TV 시리즈에 과도한 노출이 등장하는 이유는 무엇인가요?
How can i get more follower on my blog?,내 블로그에서 더 많은 팔로어를 얻으려면 어떻게 해야 합니까?
I want to crack CA CPT in 2 months. How should I study?,2개월 안에 CA CPT를 크랙하고 싶습니다. 어떻게 공부해야 하나요?
Which programming language should I learn if I want to develop gaming apps?,게임 앱을 개발하려면 어떤 프로그래밍 언어를 배워야 하나요?
What are your views on demonetization of ?500 & ?1000 notes in India?,인도에서 500 및 1000짜리 지폐의 화폐화에 대한 귀하의 견해는 무엇입니까?
Why TATA sons replaced Cyrus Mistry to Ratan TATA?,TATA 아들이 Cyrus Mistry를 Ratan TATA로 대체한 이유는 무엇입니까?
Auto insurance Broker fee in CALIFORNIA?,캘리포니아의 자동차 보험 중개인 수수료?
Why am I so angry?,나는 왜 그렇게 화가 났습니까?
Why do people who have done master's degrees in any field advise you not to do a master's?,왜 어떤 분야에서든 석사 학위를 취득한 사람들이 석사를 하지 말라고 조언하는 걸까요?
What are some consequences of blackouts?,정전의 결과는 무엇입니까?
What is the risk of selling bitcoin and accepting credit card payment?,비트코인을 판매하고 신용카드 결제를 받는 데에는 어떤 위험이 있나요?
Why do so many people in the US have an Apple-branded phone or laptop?,왜 미국에서 그렇게 많은 사람들이 Apple 브랜드의 휴대폰이나 노트북을 갖고 있습니까?
What is the very first thing you remember in your life?,당신의 인생에서 가장 먼저 기억나는 것은 무엇입니까?
What can we do after completing BDs?,BD를 완성한 후에는 무엇을 할 수 있나요?
Why Muslims hate Modi government?,무슬림은 왜 모디 정부를 싫어하는가?
What can I do when I'm 18?,18살이 되면 무엇을 할 수 있나요?
What are the best romantic comedy movies?,최고의 로맨틱 코미디 영화는 무엇입니까?
A baby lion raised domestic to the age of 4 ( human years) can survive if he would be released in the wild?,집에서 4살(인간나이)까지 키운 아기사자를 야생에 풀어주면 살아남을 수 있을까?
Searching practical application of 6 bit adc?,6비트 ADC의 실제 적용을 찾고 계십니까?
"How should I start meditating, and when?","명상은 언제, 어떻게 시작해야 합니까?"
"Is the potential energy of vacuum energy, virtual particles and/or dark energy infinite? NO MERGE","진공에너지, 가상입자, 암흑에너지의 위치에너지는 무한한가? 병합 없음"
Is Bihar developing under the leadership of Chief Minister Nitish Kumar?,Bihar는 Nitish Kumar 총리의 지도력하에 발전하고 있습니까?
What are the side effects of homeopathic medicines?,동종요법 의약품의 부작용은 무엇입니까?
Which is best music player under 5000 inr?,5000 inr 미만 최고의 음악 플레이어는 무엇입니까?
"What is the future scope for procurement, logistics, operations and supply chain management?","조달, 물류, 운영 및 공급망 관리의 향후 범위는 무엇입니까?"
How do I join WikiLeaks?,WikiLeaks에 어떻게 가입하나요?
Should you post pictures on social media?,소셜 미디어에 사진을 게시해야 합니까?
Can we control our dreams? Can we dream what we wanna dream about?,우리는 꿈을 통제할 수 있나요? 우리는 꿈꾸고 싶은 것을 꿈꿀 수 있나요?
How can long distance relationships be successful?,장거리 연애는 어떻게 성공할 수 있나요?
I'm 26 and just hit 4 million dollars. I'm shooting for 40 by 35. Am I wrong thinking that living in the most expensive area of the country will give me better opportunities?,저는 26살이고 방금 400만 달러를 벌었습니다. 저는 40 대 35를 목표로 하고 있습니다. 미국에서 가장 물가가 높은 지역에 사는 것이 나에게 더 나은 기회를 줄 것이라고 생각하는 것이 잘못된 것인가요?
Will British citizens be allowed to move to the EU and live there after Brexit happens?,브렉시트 이후 영국 시민이 EU로 이주하여 거주할 수 있나요?
Does Donald Trump have any chance of winning the forthcoming election?,도널드 트럼프가 다가오는 선거에서 승리할 가능성이 있습니까?
What's the best iPhone wallpaper?,최고의 아이폰 배경화면은 무엇인가요?
How do I recover the photos in app lock vault in an Android mobile?,Android 모바일의 앱 잠금 볼트에 있는 사진을 어떻게 복구하나요?
Online test centers business?,온라인 테스트 센터 사업?
Why does the caste system exist in India even after 7 decades of Independence?,인도가 독립한 지 70년이 지났는데도 인도에 카스트 제도가 존재하는 이유는 무엇입니까?
How can I get a boyfriend at age 13?,13살에 남자친구를 사귀려면 어떻게 해야 하나요?
What will be my rank in NEET 2016 if my marks is 391?,2016년 NEET 성적이 391점이라면 내 순위는 어떻게 될까요?
SEO or SMO which help to get more business?,더 많은 비즈니스를 확보하는 데 도움이 되는 SEO 또는 SMO?
What is Wells Fargo's overdraft policy?,Wells Fargo의 초과인월 정책은 무엇입니까?
What are marketing techniques for language schools?,어학원의 마케팅 기법은 무엇인가요?
How much does an Olympic gold medalist earn in China?,중국에서 올림픽 금메달리스트의 수입은 얼마입니까?
How can I earn money on internet?,인터넷으로 어떻게 돈을 벌 수 있나요?
What is the reason behind the reactance of a capacitor?,커패시터의 리액턴스 뒤에 숨은 이유는 무엇입니까?
Does Amazon.com reduce the cost of living in high-cost-of-living areas like Silicon Valley?,Amazon.com은 실리콘 밸리와 같이 생활비가 높은 지역의 생활비를 줄여줍니까?
What are the best schools in the world to study cinema?,영화를 공부하기에 세계 최고의 학교는 어디인가요?
Why is saltwater taffy candy imported in Austria?,바닷물 엿사탕을 오스트리아에서 수입하는 이유는 무엇입니까?
Why does zero factorial (0!) equal one (1)?,왜 0 계승(0!)이 1(1)과 같나요?
What are the best part time jobs we can do in Bangalore?,방갈로르에서 할 수 있는 최고의 아르바이트는 무엇인가요?
How do you become pretty/attractive?,어떻게 하면 예뻐지나요/매력적이 되나요?
What is regarded as the best music album?,최고의 음악 앨범으로 평가되는 것은 무엇입니까?
Why is Donald Trump supported so much? What will happen if he wins the election?,도널드 트럼프가 왜 그렇게 많은 지지를 받는가? 그가 선거에서 승리하면 어떻게 될까요?
What are the symptoms of autism in girls?,소녀의 자폐증 증상은 무엇입니까?
What's it like to be non-smoking mother of the smoking children?,흡연하는 자녀의 비흡연 엄마가 된다는 것은 어떤가요?
Is life a dream or reality?,인생은 꿈인가 현실인가?
"Can I live comfortably in DC on $80,000 - $114,000 salary?","연봉 $80,000 - $114,000로 DC에서 편안하게 살 수 있나요?"
How do I tell if a girl has a boyfriend?,여자에게 남자친구가 있는지 어떻게 알 수 있나요?
What are the benefits of eating avocado?,아보카도를 먹으면 어떤 이점이 있나요?
How can I make a working model on maths?,수학에 대한 작업 모델을 어떻게 만들 수 있나요?
How can I gain healthy weight and mass?,건강한 체중과 질량을 어떻게 얻을 수 있나요?
What kind of animal are you?,당신은 어떤 동물인가요?
What is bought more online?,온라인에서 더 많이 구매하는 것은 무엇입니까?
Is it possible to still have a decent credit rating after chapter 7?,챕터 7 이후에도 여전히 괜찮은 신용등급을 유지할 수 있나요?
How can I know that he is my soulmate?,그가 내 소울메이트인지 어떻게 알 수 있나요?
How should I be a people person?,어떻게 사람이 되어야 할까요?
Do long distance relationships work?,장거리 연애가 효과가 있나요?
How can I understand english?,영어를 어떻게 이해할 수 있나요?
What was your biggest challenge as Secretary of State?,국무장관으로서 가장 큰 어려움은 무엇이었습니까?
"What exactly is a framework, in layman's terms?",일반인의 관점에서 프레임워크란 정확히 무엇입니까?
Does okha express provide food?,okha express에서는 음식을 제공하나요?
Where can I find a good hacker?,좋은 해커는 어디서 찾을 수 있나요?
How do I change the registered mobile number for the DBS bank account?,DBS 은행계좌에 등록된 휴대폰 번호를 어떻게 변경하나요?
What are some tips on making it through the job interview process at AT&T?,AT&T의 취업 면접 과정을 통과하는 데 도움이 되는 몇 가지 팁은 무엇입니까?
"What are the main imports and exports of Venezuela, and how does Venezuela's industry compare to Bolivia's?","베네수엘라의 주요 수출입품은 무엇이며, 베네수엘라 산업은 볼리비아 산업과 어떻게 비교되는가?"
"How do the roles of the CIA, the NSC, and other related organizations differ from each other, and relate to each other, now and in the past?","CIA, NSC 및 기타 관련 기관의 역할은 현재와 과거에 어떻게 서로 다르며 서로 연관되어 있습니까?"
What are the best movies to watch?,볼만한 최고의 영화는 무엇입니까?
Can you download Cydia on your device without jailbreaking it?,탈옥하지 않고 기기에 Cydia를 다운로드할 수 있나요?
How do I get job in Google or Microsoft?,Google이나 Microsoft에 취업하려면 어떻게 해야 하나요?
Fahrenheit 451 (1953 book): What is Guy Montag's namesake?,Fahrenheit 451(1953년 도서): Guy Montag의 이름은 무엇입니까?
What is your review of Love on the Rocks (2004 movie)?,Love on the Rocks(2004년 영화)에 대한 리뷰는 무엇입니까?
Is it possible to travel back or forward in time?,시간을 거슬러 올라가거나 앞으로 여행하는 것이 가능합니까?
Why do we get sea breezes in summer but rarely in winter?,왜 여름에는 바닷바람이 불고 겨울에는 바람이 거의 불지 않습니까?
How do I recover deleted Facebook messages?,삭제된 Facebook 메시지를 복구하려면 어떻게 해야 하나요?
Customer Service: What is Uber's phone number?,고객 서비스: Uber 전화번호는 무엇인가요?
Is there any way to purchase a phone on EMI via Flipkart with only a debit card? How?,직불카드만으로 Flipkart를 통해 EMI에서 휴대폰을 구매할 수 있는 방법이 있나요? 어떻게?
What is Agile and Scrum model?,애자일 및 스크럼 모델이란 무엇입니까?
My life is boring. What can I do?,내 인생은 지루하다. 어떻게 해야 하나요?
Where can I buy meldonium in the U.S.?,미국에서는 어디에서 멜도늄을 구입할 수 있나요?
What can be the most insane ways to commit suicide?,가장 미친 자살 방법은 무엇입니까?
Is 100/76 ok blood pressure?,혈압 100/76이면 괜찮나요?
What are your best paranormal experiences?,최고의 초자연적 경험은 무엇입니까?
"What exactly is the ""Vyapam"" scam? Why have so many died because of it?","""Vyapam"" 사기란 정확히 무엇입니까? 그 일로 인해 왜 그렇게 많은 사람이 죽었는가?"
"My fiancée died recently and it pains my heart, how do I learn to cope with this?",최근에 약혼자가 죽어서 마음이 아프네요. 이 문제에 대처하는 방법을 어떻게 배울 수 있나요?
"In Sydney, which company would be the best to get advice for Business Sales & Purchases?",시드니에서 비즈니스 판매 및 구매에 대한 조언을 받기에 가장 좋은 회사는 어디입니까?
Why most of the cosmetic products don't have price tags?,왜 대부분의 화장품에는 가격표가 없나요?
Can we map the surface (and the subsurface) of a planet using cosmic rays or very high frequency gamma rays with ground based telescopes?,지상 망원경으로 우주선이나 초고주파 감마선을 사용하여 행성의 표면(및 지하 표면)을 매핑할 수 있습니까?
